storm_id,storm_name,cyclone_time_utc,latitude,longitude,wind_speed_kts,central_pressure_mb,nature,partition,ir_available,ir_asset_id,ir_file_path,ir_time_utc,ir_delta_minutes,ir_quality,microwave_available,microwave_asset_id,microwave_file_path,microwave_time_utc,microwave_delta_minutes,microwave_quality,scatterometer_available,scatterometer_asset_id,scatterometer_file_path,scatterometer_time_utc,scatterometer_delta_minutes,scatterometer_quality,total_coincident_sources,coincidence_quality,coincidence_flags
2023030N08087,UNNAMED,2023-01-30T03:00:00Z,7.7,87.2,25.0,1004.0,TS,VAL,False,,,,,NOT_AVAILABLE,False,,,,,NOT_AVAILABLE,False,,,,,NOT_AVAILABLE,0,TRACK_ONLY,NO_COINCIDENT_SATELLITE_DATA
2023030N08087,UNNAMED,2023-01-30T06:00:00Z,7.9,86.6,25.0,1004.0,TS,VAL,False,,,,,NOT_AVAILABLE,False,,,,,NOT_AVAILABLE,False,,,,,NOT_AVAILABLE,0,TRACK_ONLY,NO_COINCIDENT_SATELLITE_DATA
2023030N08087,UNNAMED,2023-01-30T09:00:00Z,8.0,86.2,,,TS,VAL,False,,,,,NOT_AVAILABLE,False,,,,,NOT_AVAILABLE,False,,,,,NOT_AVAILABLE,0,TRACK_ONLY,NO_COINCIDENT_SATELLITE_DATA
2023030N08087,UNNAMED,2023-01-30T12:00:00Z,8.0,86.0,25.0,1004.0,TS,VAL,False,,,,,NOT_AVAILABLE,False,,,,,NOT_AVAILABLE,False,,,,,NOT_AVAILABLE,0,TRACK_ONLY,NO_COINCIDENT_SATELLITE_DATA
2023030N08087,UNNAMED,2023-01-30T15:00:00Z,8.1,85.6,,,TS,VAL,False,,,,,NOT_AVAILABLE,False,,,,,NOT_AVAILABLE,False,,,,,NOT_AVAILABLE,0,TRACK_ONLY,NO_COINCIDENT_SATELLITE_DATA
2023030N08087,UNNAMED,2023-01-30T18:00:00Z,8.1,85.3,25.0,1004.0,TS,VAL,False,,,,,NOT_AVAILABLE,False,,,,,NOT_AVAILABLE,False,,,,,NOT_AVAILABLE,0,TRACK_ONLY,NO_COINCIDENT_SATELLITE_DATA
2023030N08087,UNNAMED,2023-01-30T21:00:00Z,8.1,85.1,,,TS,VAL,False,,,,,NOT_AVAILABLE,False,,,,,NOT_AVAILABLE,False,,,,,NOT_AVAILABLE,0,TRACK_ONLY,NO_COINCIDENT_SATELLITE_DATA
2023030N08087,UNNAMED,2023-01-31T00:00:00Z,8.2,84.8,25.0,1004.0,TS,VAL,False,,,,,NOT_AVAILABLE,False,,,,,NOT_AVAILABLE,False,,,,,NOT_AVAILABLE,0,TRACK_ONLY,NO_COINCIDENT_SATELLITE_DATA
2023030N08087,UNNAMED,2023-01-31T03:00:00Z,8.4,84.3,25.0,1004.0,TS,VAL,False,,,,,NOT_AVAILABLE,False,,,,,NOT_AVAILABLE,False,,,,,NOT_AVAILABLE,0,TRACK_ONLY,NO_COINCIDENT_SATELLITE_DATA
2023030N08087,UNNAMED,2023-01-31T06:00:00Z,8.6,83.9,25.0,1004.0,TS,VAL,False,,,,,NOT_AVAILABLE,False,,,,,NOT_AVAILABLE,False,,,,,NOT_AVAILABLE,0,TRACK_ONLY,NO_COINCIDENT_SATELLITE_DATA
2023030N08087,UNNAMED,2023-01-31T09:00:00Z,8.7,83.7,,,TS,VAL,False,,,,,NOT_AVAILABLE,False,,,,,NOT_AVAILABLE,False,,,,,NOT_AVAILABLE,0,TRACK_ONLY,NO_COINCIDENT_SATELLITE_DATA
2023030N08087,UNNAMED,2023-01-31T12:00:00Z,8.6,83.5,25.0,1004.0,TS,VAL,False,,,,,NOT_AVAILABLE,False,,,,,NOT_AVAILABLE,False,,,,,NOT_AVAILABLE,0,TRACK_ONLY,NO_COINCIDENT_SATELLITE_DATA
2023030N08087,UNNAMED,2023-01-31T15:00:00Z,8.5,83.2,,,TS,VAL,False,,,,,NOT_AVAILABLE,False,,,,,NOT_AVAILABLE,False,,,,,NOT_AVAILABLE,0,TRACK_ONLY,NO_COINCIDENT_SATELLITE_DATA
2023030N08087,UNNAMED,2023-01-31T18:00:00Z,8.3,82.9,25.0,1004.0,TS,VAL,False,,,,,NOT_AVAILABLE,False,,,,,NOT_AVAILABLE,False,,,,,NOT_AVAILABLE,0,TRACK_ONLY,NO_COINCIDENT_SATELLITE_DATA
2023030N08087,UNNAMED,2023-01-31T21:00:00Z,8.2,82.8,,,TS,VAL,False,,,,,NOT_AVAILABLE,False,,,,,NOT_AVAILABLE,False,,,,,NOT_AVAILABLE,0,TRACK_ONLY,NO_COINCIDENT_SATELLITE_DATA
2023030N08087,UNNAMED,2023-02-01T00:00:00Z,8.2,82.7,25.0,1004.0,TS,VAL,False,,,,,NOT_AVAILABLE,False,,,,,NOT_AVAILABLE,False,,,,,NOT_AVAILABLE,0,TRACK_ONLY,NO_COINCIDENT_SATELLITE_DATA
2023030N08087,UNNAMED,2023-02-01T03:00:00Z,8.2,82.5,25.0,1004.0,TS,VAL,False,,,,,NOT_AVAILABLE,False,,,,,NOT_AVAILABLE,False,,,,,NOT_AVAILABLE,0,TRACK_ONLY,NO_COINCIDENT_SATELLITE_DATA
2023030N08087,UNNAMED,2023-02-01T06:00:00Z,8.2,82.5,25.0,1004.0,TS,VAL,False,,,,,NOT_AVAILABLE,False,,,,,NOT_AVAILABLE,False,,,,,NOT_AVAILABLE,0,TRACK_ONLY,NO_COINCIDENT_SATELLITE_DATA
2023030N08087,UNNAMED,2023-02-01T09:00:00Z,8.2,82.4,,,TS,VAL,False,,,,,NOT_AVAILABLE,False,,,,,NOT_AVAILABLE,False,,,,,NOT_AVAILABLE,0,TRACK_ONLY,NO_COINCIDENT_SATELLITE_DATA
2023030N08087,UNNAMED,2023-02-01T12:00:00Z,8.2,82.3,25.0,1004.0,TS,VAL,False,,,,,NOT_AVAILABLE,False,,,,,NOT_AVAILABLE,False,,,,,NOT_AVAILABLE,0,TRACK_ONLY,NO_COINCIDENT_SATELLITE_DATA
2023030N08087,UNNAMED,2023-02-01T15:00:00Z,8.2,82.2,,,TS,VAL,False,,,,,NOT_AVAILABLE,False,,,,,NOT_AVAILABLE,False,,,,,NOT_AVAILABLE,0,TRACK_ONLY,NO_COINCIDENT_SATELLITE_DATA
2023030N08087,UNNAMED,2023-02-01T18:00:00Z,8.1,82.1,25.0,1004.0,TS,VAL,False,,,,,NOT_AVAILABLE,False,,,,,NOT_AVAILABLE,False,,,,,NOT_AVAILABLE,0,TRACK_ONLY,NO_COINCIDENT_SATELLITE_DATA
2023030N08087,UNNAMED,2023-02-01T21:00:00Z,7.9,81.8,,,TS,VAL,False,,,,,NOT_AVAILABLE,False,,,,,NOT_AVAILABLE,False,,,,,NOT_AVAILABLE,0,TRACK_ONLY,NO_COINCIDENT_SATELLITE_DATA
2023030N08087,UNNAMED,2023-02-02T00:00:00Z,7.6,81.4,25.0,1004.0,TS,VAL,False,,,,,NOT_AVAILABLE,False,,,,,NOT_AVAILABLE,False,,,,,NOT_AVAILABLE,0,TRACK_ONLY,NO_COINCIDENT_SATELLITE_DATA
2023030N08087,UNNAMED,2023-02-02T03:00:00Z,7.2,81.1,20.0,1004.0,TS,VAL,False,,,,,NOT_AVAILABLE,False,,,,,NOT_AVAILABLE,False,,,,,NOT_AVAILABLE,0,TRACK_ONLY,NO_COINCIDENT_SATELLITE_DATA
2023030N08087,UNNAMED,2023-02-02T06:00:00Z,6.8,80.8,20.0,1006.0,TS,VAL,False,,,,,NOT_AVAILABLE,False,,,,,NOT_AVAILABLE,False,,,,,NOT_AVAILABLE,0,TRACK_ONLY,NO_COINCIDENT_SATELLITE_DATA
2023030N08087,UNNAMED,2023-02-02T09:00:00Z,6.5,80.5,,,TS,VAL,False,,,,,NOT_AVAILABLE,False,,,,,NOT_AVAILABLE,False,,,,,NOT_AVAILABLE,0,TRACK_ONLY,NO_COINCIDENT_SATELLITE_DATA
2023030N08087,UNNAMED,2023-02-02T12:00:00Z,6.3,80.3,20.0,1006.0,TS,VAL,False,,,,,NOT_AVAILABLE,False,,,,,NOT_AVAILABLE,False,,,,,NOT_AVAILABLE,0,TRACK_ONLY,NO_COINCIDENT_SATELLITE_DATA
2023129N08091,MOCHA,2023-05-08T18:00:00Z,7.7,91.4,25.0,1004.0,TS,TEST,False,,,,,NOT_AVAILABLE,False,,,,,NOT_AVAILABLE,False,,,,,NOT_AVAILABLE,0,TRACK_ONLY,NO_COINCIDENT_SATELLITE_DATA
2023129N08091,MOCHA,2023-05-08T21:00:00Z,7.6,91.1,25.0,1004.0,TS,TEST,False,,,,,NOT_AVAILABLE,False,,,,,NOT_AVAILABLE,False,,,,,NOT_AVAILABLE,0,TRACK_ONLY,NO_COINCIDENT_SATELLITE_DATA
2023129N08091,MOCHA,2023-05-09T00:00:00Z,7.6,90.7,25.0,1004.0,TS,TEST,False,,,,,NOT_AVAILABLE,False,,,,,NOT_AVAILABLE,False,,,,,NOT_AVAILABLE,0,TRACK_ONLY,NO_COINCIDENT_SATELLITE_DATA
2023129N08091,MOCHA,2023-05-09T03:00:00Z,7.6,90.1,25.0,1004.0,TS,TEST,False,,,,,NOT_AVAILABLE,False,,,,,NOT_AVAILABLE,False,,,,,NOT_AVAILABLE,0,TRACK_ONLY,NO_COINCIDENT_SATELLITE_DATA
2023129N08091,MOCHA,2023-05-09T06:00:00Z,7.6,89.6,25.0,1004.0,TS,TEST,False,,,,,NOT_AVAILABLE,False,,,,,NOT_AVAILABLE,False,,,,,NOT_AVAILABLE,0,TRACK_ONLY,NO_COINCIDENT_SATELLITE_DATA
2023129N08091,MOCHA,2023-05-09T09:00:00Z,7.7,89.3,25.0,1003.0,TS,TEST,False,,,,,NOT_AVAILABLE,False,,,,,NOT_AVAILABLE,False,,,,,NOT_AVAILABLE,0,TRACK_ONLY,NO_COINCIDENT_SATELLITE_DATA
2023129N08091,MOCHA,2023-05-09T12:00:00Z,7.9,89.3,25.0,1002.0,TS,TEST,False,,,,,NOT_AVAILABLE,False,,,,,NOT_AVAILABLE,False,,,,,NOT_AVAILABLE,0,TRACK_ONLY,NO_COINCIDENT_SATELLITE_DATA
2023129N08091,MOCHA,2023-05-09T15:00:00Z,8.1,89.2,25.0,1002.0,TS,TEST,False,,,,,NOT_AVAILABLE,False,,,,,NOT_AVAILABLE,False,,,,,NOT_AVAILABLE,0,TRACK_ONLY,NO_COINCIDENT_SATELLITE_DATA
2023129N08091,MOCHA,2023-05-09T18:00:00Z,8.3,89.1,25.0,1002.0,TS,TEST,False,,,,,NOT_AVAILABLE,False,,,,,NOT_AVAILABLE,False,,,,,NOT_AVAILABLE,0,TRACK_ONLY,NO_COINCIDENT_SATELLITE_DATA
2023129N08091,MOCHA,2023-05-09T21:00:00Z,8.3,89.1,28.0,996.0,TS,TEST,False,,,,,NOT_AVAILABLE,False,,,,,NOT_AVAILABLE,False,,,,,NOT_AVAILABLE,0,TRACK_ONLY,NO_COINCIDENT_SATELLITE_DATA
2023129N08091,MOCHA,2023-05-10T00:00:00Z,8.5,89.0,30.0,1000.0,TS,TEST,False,,,,,NOT_AVAILABLE,False,,,,,NOT_AVAILABLE,False,,,,,NOT_AVAILABLE,0,TRACK_ONLY,NO_COINCIDENT_SATELLITE_DATA
2023129N08091,MOCHA,2023-05-10T03:00:00Z,8.8,88.7,30.0,1000.0,TS,TEST,False,,,,,NOT_AVAILABLE,False,,,,,NOT_AVAILABLE,False,,,,,NOT_AVAILABLE,0,TRACK_ONLY,NO_COINCIDENT_SATELLITE_DATA
2023129N08091,MOCHA,2023-05-10T06:00:00Z,9.3,88.5,30.0,999.0,TS,TEST,False,,,,,NOT_AVAILABLE,False,,,,,NOT_AVAILABLE,False,,,,,NOT_AVAILABLE,0,TRACK_ONLY,NO_COINCIDENT_SATELLITE_DATA
2023129N08091,MOCHA,2023-05-10T09:00:00Z,9.7,88.4,30.0,998.0,TS,TEST,False,,,,,NOT_AVAILABLE,False,,,,,NOT_AVAILABLE,False,,,,,NOT_AVAILABLE,0,TRACK_ONLY,NO_COINCIDENT_SATELLITE_DATA
2023129N08091,MOCHA,2023-05-10T12:00:00Z,10.1,88.4,30.0,998.0,TS,TEST,False,,,,,NOT_AVAILABLE,False,,,,,NOT_AVAILABLE,False,,,,,NOT_AVAILABLE,0,TRACK_ONLY,NO_COINCIDENT_SATELLITE_DATA
2023129N08091,MOCHA,2023-05-10T15:00:00Z,10.4,88.3,30.0,994.0,TS,TEST,False,,,,,NOT_AVAILABLE,False,,,,,NOT_AVAILABLE,False,,,,,NOT_AVAILABLE,0,TRACK_ONLY,NO_COINCIDENT_SATELLITE_DATA
2023129N08091,MOCHA,2023-05-10T18:00:00Z,10.8,88.3,30.0,998.0,TS,TEST,False,,,,,NOT_AVAILABLE,False,,,,,NOT_AVAILABLE,False,,,,,NOT_AVAILABLE,0,TRACK_ONLY,NO_COINCIDENT_SATELLITE_DATA
2023129N08091,MOCHA,2023-05-10T21:00:00Z,11.0,88.2,33.0,993.0,TS,TEST,False,,,,,NOT_AVAILABLE,False,,,,,NOT_AVAILABLE,False,,,,,NOT_AVAILABLE,0,TRACK_ONLY,NO_COINCIDENT_SATELLITE_DATA
2023129N08091,MOCHA,2023-05-11T00:00:00Z,11.2,88.1,35.0,997.0,TS,TEST,False,,,,,NOT_AVAILABLE,False,,,,,NOT_AVAILABLE,False,,,,,NOT_AVAILABLE,0,TRACK_ONLY,NO_COINCIDENT_SATELLITE_DATA
2023129N08091,MOCHA,2023-05-11T03:00:00Z,11.3,88.1,35.0,996.0,TS,TEST,False,,,,,NOT_AVAILABLE,False,,,,,NOT_AVAILABLE,False,,,,,NOT_AVAILABLE,0,TRACK_ONLY,NO_COINCIDENT_SATELLITE_DATA
2023129N08091,MOCHA,2023-05-11T06:00:00Z,11.6,88.1,45.0,996.0,TS,TEST,False,,,,,NOT_AVAILABLE,False,,,,,NOT_AVAILABLE,False,,,,,NOT_AVAILABLE,0,TRACK_ONLY,NO_COINCIDENT_SATELLITE_DATA
2023129N08091,MOCHA,2023-05-11T09:00:00Z,11.8,88.0,45.0,996.0,TS,TEST,False,,,,,NOT_AVAILABLE,False,,,,,NOT_AVAILABLE,False,,,,,NOT_AVAILABLE,0,TRACK_ONLY,NO_COINCIDENT_SATELLITE_DATA
2023129N08091,MOCHA,2023-05-11T12:00:00Z,12.1,88.1,50.0,994.0,TS,TEST,False,,,,,NOT_AVAILABLE,False,,,,,NOT_AVAILABLE,False,,,,,NOT_AVAILABLE,0,TRACK_ONLY,NO_COINCIDENT_SATELLITE_DATA
2023129N08091,MOCHA,2023-05-11T15:00:00Z,12.4,88.1,50.0,992.0,TS,TEST,False,,,,,NOT_AVAILABLE,False,,,,,NOT_AVAILABLE,False,,,,,NOT_AVAILABLE,0,TRACK_ONLY,NO_COINCIDENT_SATELLITE_DATA
2023129N08091,MOCHA,2023-05-11T18:00:00Z,12.8,88.1,50.0,992.0,TS,TEST,False,,,,,NOT_AVAILABLE,False,,,,,NOT_AVAILABLE,False,,,,,NOT_AVAILABLE,0,TRACK_ONLY,NO_COINCIDENT_SATELLITE_DATA
2023129N08091,MOCHA,2023-05-11T21:00:00Z,13.0,88.1,60.0,986.0,TS,TEST,False,,,,,NOT_AVAILABLE,False,,,,,NOT_AVAILABLE,False,,,,,NOT_AVAILABLE,0,TRACK_ONLY,NO_COINCIDENT_SATELLITE_DATA
2023129N08091,MOCHA,2023-05-12T00:00:00Z,13.3,88.1,65.0,982.0,TS,TEST,False,,,,,NOT_AVAILABLE,False,,,,,NOT_AVAILABLE,False,,,,,NOT_AVAILABLE,0,TRACK_ONLY,NO_COINCIDENT_SATELLITE_DATA
2023129N08091,MOCHA,2023-05-12T03:00:00Z,13.7,88.2,65.0,982.0,TS,TEST,False,,,,,NOT_AVAILABLE,False,,,,,NOT_AVAILABLE,False,,,,,NOT_AVAILABLE,0,TRACK_ONLY,NO_COINCIDENT_SATELLITE_DATA
2023129N08091,MOCHA,2023-05-12T06:00:00Z,14.0,88.3,75.0,974.0,TS,TEST,True,hursat_b1_2023129N08091_20230512T060000Z,data/samples/hursat_b1_sample_mocha.nc,2023-05-12T06:00:00Z,0.0,NOMINAL,False,,,,,NOT_AVAILABLE,False,,,,,NOT_AVAILABLE,1,UNIMODAL_IR,
2023129N08091,MOCHA,2023-05-12T09:00:00Z,14.3,88.4,85.0,970.0,TS,TEST,False,,,,,NOT_AVAILABLE,False,,,,,NOT_AVAILABLE,False,,,,,NOT_AVAILABLE,0,TRACK_ONLY,NO_COINCIDENT_SATELLITE_DATA
2023129N08091,MOCHA,2023-05-12T12:00:00Z,14.6,88.6,85.0,970.0,TS,TEST,False,,,,,NOT_AVAILABLE,False,,,,,NOT_AVAILABLE,False,,,,,NOT_AVAILABLE,0,TRACK_ONLY,NO_COINCIDENT_SATELLITE_DATA
2023129N08091,MOCHA,2023-05-12T15:00:00Z,14.8,88.7,90.0,964.0,TS,TEST,False,,,,,NOT_AVAILABLE,False,,,,,NOT_AVAILABLE,False,,,,,NOT_AVAILABLE,0,TRACK_ONLY,NO_COINCIDENT_SATELLITE_DATA
2023129N08091,MOCHA,2023-05-12T18:00:00Z,15.0,88.9,100.0,954.0,TS,TEST,False,,,,,NOT_AVAILABLE,False,,,,,NOT_AVAILABLE,False,,,,,NOT_AVAILABLE,0,TRACK_ONLY,NO_COINCIDENT_SATELLITE_DATA
2023129N08091,MOCHA,2023-05-12T21:00:00Z,15.1,89.0,100.0,954.0,TS,TEST,False,,,,,NOT_AVAILABLE,False,,,,,NOT_AVAILABLE,False,,,,,NOT_AVAILABLE,0,TRACK_ONLY,NO_COINCIDENT_SATELLITE_DATA
2023129N08091,MOCHA,2023-05-13T00:00:00Z,15.4,89.1,100.0,954.0,TS,TEST,False,,,,,NOT_AVAILABLE,False,,,,,NOT_AVAILABLE,False,,,,,NOT_AVAILABLE,0,TRACK_ONLY,NO_COINCIDENT_SATELLITE_DATA
2023129N08091,MOCHA,2023-05-13T03:00:00Z,15.7,89.5,100.0,954.0,TS,TEST,False,,,,,NOT_AVAILABLE,False,,,,,NOT_AVAILABLE,False,,,,,NOT_AVAILABLE,0,TRACK_ONLY,NO_COINCIDENT_SATELLITE_DATA
2023129N08091,MOCHA,2023-05-13T06:00:00Z,16.0,90.0,105.0,950.0,TS,TEST,False,,,,,NOT_AVAILABLE,False,,,,,NOT_AVAILABLE,False,,,,,NOT_AVAILABLE,0,TRACK_ONLY,NO_COINCIDENT_SATELLITE_DATA
2023129N08091,MOCHA,2023-05-13T09:00:00Z,16.4,90.3,105.0,950.0,TS,TEST,False,,,,,NOT_AVAILABLE,False,,,,,NOT_AVAILABLE,False,,,,,NOT_AVAILABLE,0,TRACK_ONLY,NO_COINCIDENT_SATELLITE_DATA
2023129N08091,MOCHA,2023-05-13T12:00:00Z,16.9,90.8,110.0,944.0,TS,TEST,False,,,,,NOT_AVAILABLE,False,,,,,NOT_AVAILABLE,False,,,,,NOT_AVAILABLE,0,TRACK_ONLY,NO_COINCIDENT_SATELLITE_DATA
2023129N08091,MOCHA,2023-05-13T15:00:00Z,17.4,91.0,110.0,944.0,TS,TEST,False,,,,,NOT_AVAILABLE,False,,,,,NOT_AVAILABLE,False,,,,,NOT_AVAILABLE,0,TRACK_ONLY,NO_COINCIDENT_SATELLITE_DATA
2023129N08091,MOCHA,2023-05-13T18:00:00Z,17.9,91.2,115.0,938.0,TS,TEST,False,,,,,NOT_AVAILABLE,False,,,,,NOT_AVAILABLE,False,,,,,NOT_AVAILABLE,0,TRACK_ONLY,NO_COINCIDENT_SATELLITE_DATA
2023129N08091,MOCHA,2023-05-13T21:00:00Z,18.3,91.4,115.0,938.0,TS,TEST,False,,,,,NOT_AVAILABLE,False,,,,,NOT_AVAILABLE,False,,,,,NOT_AVAILABLE,0,TRACK_ONLY,NO_COINCIDENT_SATELLITE_DATA
2023129N08091,MOCHA,2023-05-14T00:00:00Z,18.7,91.7,115.0,938.0,TS,TEST,False,,,,,NOT_AVAILABLE,False,,,,,NOT_AVAILABLE,False,,,,,NOT_AVAILABLE,0,TRACK_ONLY,NO_COINCIDENT_SATELLITE_DATA
2023129N08091,MOCHA,2023-05-14T03:00:00Z,19.3,92.1,110.0,944.0,TS,TEST,False,,,,,NOT_AVAILABLE,False,,,,,NOT_AVAILABLE,False,,,,,NOT_AVAILABLE,0,TRACK_ONLY,NO_COINCIDENT_SATELLITE_DATA
2023129N08091,MOCHA,2023-05-14T06:00:00Z,19.9,92.6,100.0,952.0,TS,TEST,False,,,,,NOT_AVAILABLE,False,,,,,NOT_AVAILABLE,False,,,,,NOT_AVAILABLE,0,TRACK_ONLY,NO_COINCIDENT_SATELLITE_DATA
2023129N08091,MOCHA,2023-05-14T09:00:00Z,20.4,92.9,90.0,964.0,TS,TEST,False,,,,,NOT_AVAILABLE,False,,,,,NOT_AVAILABLE,False,,,,,NOT_AVAILABLE,0,TRACK_ONLY,NO_COINCIDENT_SATELLITE_DATA
2023129N08091,MOCHA,2023-05-14T12:00:00Z,21.1,93.3,75.0,974.0,TS,TEST,False,,,,,NOT_AVAILABLE,False,,,,,NOT_AVAILABLE,False,,,,,NOT_AVAILABLE,0,TRACK_ONLY,NO_COINCIDENT_SATELLITE_DATA
2023129N08091,MOCHA,2023-05-14T15:00:00Z,22.1,94.1,60.0,984.0,TS,TEST,False,,,,,NOT_AVAILABLE,False,,,,,NOT_AVAILABLE,False,,,,,NOT_AVAILABLE,0,TRACK_ONLY,NO_COINCIDENT_SATELLITE_DATA
2023129N08091,MOCHA,2023-05-14T18:00:00Z,23.3,95.2,50.0,992.0,TS,TEST,False,,,,,NOT_AVAILABLE,False,,,,,NOT_AVAILABLE,False,,,,,NOT_AVAILABLE,0,TRACK_ONLY,NO_COINCIDENT_SATELLITE_DATA
2023129N08091,MOCHA,2023-05-14T21:00:00Z,24.3,96.1,35.0,996.0,TS,TEST,False,,,,,NOT_AVAILABLE,False,,,,,NOT_AVAILABLE,False,,,,,NOT_AVAILABLE,0,TRACK_ONLY,NO_COINCIDENT_SATELLITE_DATA
2023129N08091,MOCHA,2023-05-15T00:00:00Z,25.1,97.8,25.0,1000.0,MX,TEST,False,,,,,NOT_AVAILABLE,False,,,,,NOT_AVAILABLE,False,,,,,NOT_AVAILABLE,0,TRACK_ONLY,NO_COINCIDENT_SATELLITE_DATA
2023156N10067,BIPARJOY,2023-06-05T00:00:00Z,10.3,66.7,25.0,1004.0,TS,TRAIN,False,,,,,NOT_AVAILABLE,False,,,,,NOT_AVAILABLE,False,,,,,NOT_AVAILABLE,0,TRACK_ONLY,NO_COINCIDENT_SATELLITE_DATA
2023156N10067,BIPARJOY,2023-06-05T03:00:00Z,10.5,66.6,25.0,1004.0,TS,TRAIN,False,,,,,NOT_AVAILABLE,False,,,,,NOT_AVAILABLE,False,,,,,NOT_AVAILABLE,0,TRACK_ONLY,NO_COINCIDENT_SATELLITE_DATA
2023156N10067,BIPARJOY,2023-06-05T06:00:00Z,10.7,66.5,25.0,1004.0,TS,TRAIN,False,,,,,NOT_AVAILABLE,False,,,,,NOT_AVAILABLE,False,,,,,NOT_AVAILABLE,0,TRACK_ONLY,NO_COINCIDENT_SATELLITE_DATA
2023156N10067,BIPARJOY,2023-06-05T09:00:00Z,10.8,66.4,25.0,1000.0,TS,TRAIN,False,,,,,NOT_AVAILABLE,False,,,,,NOT_AVAILABLE,False,,,,,NOT_AVAILABLE,0,TRACK_ONLY,NO_COINCIDENT_SATELLITE_DATA
2023156N10067,BIPARJOY,2023-06-05T12:00:00Z,11.0,66.3,25.0,995.0,TS,TRAIN,False,,,,,NOT_AVAILABLE,False,,,,,NOT_AVAILABLE,False,,,,,NOT_AVAILABLE,0,TRACK_ONLY,NO_COINCIDENT_SATELLITE_DATA
2023156N10067,BIPARJOY,2023-06-05T15:00:00Z,11.2,66.2,28.0,995.0,TS,TRAIN,False,,,,,NOT_AVAILABLE,False,,,,,NOT_AVAILABLE,False,,,,,NOT_AVAILABLE,0,TRACK_ONLY,NO_COINCIDENT_SATELLITE_DATA
2023156N10067,BIPARJOY,2023-06-05T18:00:00Z,11.4,66.1,30.0,994.0,TS,TRAIN,False,,,,,NOT_AVAILABLE,False,,,,,NOT_AVAILABLE,False,,,,,NOT_AVAILABLE,0,TRACK_ONLY,NO_COINCIDENT_SATELLITE_DATA
2023156N10067,BIPARJOY,2023-06-05T21:00:00Z,11.5,66.0,35.0,994.0,TS,TRAIN,False,,,,,NOT_AVAILABLE,False,,,,,NOT_AVAILABLE,False,,,,,NOT_AVAILABLE,0,TRACK_ONLY,NO_COINCIDENT_SATELLITE_DATA
2023156N10067,BIPARJOY,2023-06-06T00:00:00Z,11.5,66.0,25.0,1000.0,TS,TRAIN,False,,,,,NOT_AVAILABLE,False,,,,,NOT_AVAILABLE,False,,,,,NOT_AVAILABLE,0,TRACK_ONLY,NO_COINCIDENT_SATELLITE_DATA
2023156N10067,BIPARJOY,2023-06-06T03:00:00Z,11.7,66.0,25.0,1000.0,TS,TRAIN,False,,,,,NOT_AVAILABLE,False,,,,,NOT_AVAILABLE,False,,,,,NOT_AVAILABLE,0,TRACK_ONLY,NO_COINCIDENT_SATELLITE_DATA
2023156N10067,BIPARJOY,2023-06-06T06:00:00Z,11.9,65.9,30.0,999.0,TS,TRAIN,False,,,,,NOT_AVAILABLE,False,,,,,NOT_AVAILABLE,False,,,,,NOT_AVAILABLE,0,TRACK_ONLY,NO_COINCIDENT_SATELLITE_DATA
2023156N10067,BIPARJOY,2023-06-06T09:00:00Z,12.0,66.0,65.0,987.0,TS,TRAIN,False,,,,,NOT_AVAILABLE,False,,,,,NOT_AVAILABLE,False,,,,,NOT_AVAILABLE,0,TRACK_ONLY,NO_COINCIDENT_SATELLITE_DATA
2023156N10067,BIPARJOY,2023-06-06T12:00:00Z,12.2,66.0,35.0,998.0,TS,TRAIN,False,,,,,NOT_AVAILABLE,False,,,,,NOT_AVAILABLE,False,,,,,NOT_AVAILABLE,0,TRACK_ONLY,NO_COINCIDENT_SATELLITE_DATA
2023156N10067,BIPARJOY,2023-06-06T15:00:00Z,12.3,66.0,35.0,998.0,TS,TRAIN,False,,,,,NOT_AVAILABLE,False,,,,,NOT_AVAILABLE,False,,,,,NOT_AVAILABLE,0,TRACK_ONLY,NO_COINCIDENT_SATELLITE_DATA
2023156N10067,BIPARJOY,2023-06-06T18:00:00Z,12.5,66.1,40.0,996.0,TS,TRAIN,False,,,,,NOT_AVAILABLE,False,,,,,NOT_AVAILABLE,False,,,,,NOT_AVAILABLE,0,TRACK_ONLY,NO_COINCIDENT_SATELLITE_DATA
2023156N10067,BIPARJOY,2023-06-06T21:00:00Z,12.5,66.2,45.0,996.0,TS,TRAIN,False,,,,,NOT_AVAILABLE,False,,,,,NOT_AVAILABLE,False,,,,,NOT_AVAILABLE,0,TRACK_ONLY,NO_COINCIDENT_SATELLITE_DATA
2023156N10067,BIPARJOY,2023-06-07T00:00:00Z,12.6,66.3,55.0,990.0,TS,TRAIN,False,,,,,NOT_AVAILABLE,False,,,,,NOT_AVAILABLE,False,,,,,NOT_AVAILABLE,0,TRACK_ONLY,NO_COINCIDENT_SATELLITE_DATA
2023156N10067,BIPARJOY,2023-06-07T03:00:00Z,12.8,66.3,60.0,988.0,TS,TRAIN,False,,,,,NOT_AVAILABLE,False,,,,,NOT_AVAILABLE,False,,,,,NOT_AVAILABLE,0,TRACK_ONLY,NO_COINCIDENT_SATELLITE_DATA
2023156N10067,BIPARJOY,2023-06-07T06:00:00Z,13.0,66.4,65.0,983.0,TS,TRAIN,False,,,,,NOT_AVAILABLE,False,,,,,NOT_AVAILABLE,False,,,,,NOT_AVAILABLE,0,TRACK_ONLY,NO_COINCIDENT_SATELLITE_DATA
2023156N10067,BIPARJOY,2023-06-07T09:00:00Z,13.2,66.3,65.0,983.0,TS,TRAIN,False,,,,,NOT_AVAILABLE,False,,,,,NOT_AVAILABLE,False,,,,,NOT_AVAILABLE,0,TRACK_ONLY,NO_COINCIDENT_SATELLITE_DATA
2023156N10067,BIPARJOY,2023-06-07T12:00:00Z,13.3,66.2,65.0,983.0,TS,TRAIN,False,,,,,NOT_AVAILABLE,False,,,,,NOT_AVAILABLE,False,,,,,NOT_AVAILABLE,0,TRACK_ONLY,NO_COINCIDENT_SATELLITE_DATA
2023156N10067,BIPARJOY,2023-06-07T15:00:00Z,13.4,66.2,65.0,983.0,TS,TRAIN,False,,,,,NOT_AVAILABLE,False,,,,,NOT_AVAILABLE,False,,,,,NOT_AVAILABLE,0,TRACK_ONLY,NO_COINCIDENT_SATELLITE_DATA
2023156N10067,BIPARJOY,2023-06-07T18:00:00Z,13.6,66.1,70.0,980.0,TS,TRAIN,False,,,,,NOT_AVAILABLE,False,,,,,NOT_AVAILABLE,False,,,,,NOT_AVAILABLE,0,TRACK_ONLY,NO_COINCIDENT_SATELLITE_DATA
2023156N10067,BIPARJOY,2023-06-07T21:00:00Z,13.6,66.0,70.0,980.0,TS,TRAIN,False,,,,,NOT_AVAILABLE,False,,,,,NOT_AVAILABLE,False,,,,,NOT_AVAILABLE,0,TRACK_ONLY,NO_COINCIDENT_SATELLITE_DATA
2023156N10067,BIPARJOY,2023-06-08T00:00:00Z,13.8,66.1,75.0,978.0,TS,TRAIN,False,,,,,NOT_AVAILABLE,False,,,,,NOT_AVAILABLE,False,,,,,NOT_AVAILABLE,0,TRACK_ONLY,NO_COINCIDENT_SATELLITE_DATA
2023156N10067,BIPARJOY,2023-06-08T03:00:00Z,13.9,66.0,75.0,978.0,TS,TRAIN,False,,,,,NOT_AVAILABLE,False,,,,,NOT_AVAILABLE,False,,,,,NOT_AVAILABLE,0,TRACK_ONLY,NO_COINCIDENT_SATELLITE_DATA
2023156N10067,BIPARJOY,2023-06-08T06:00:00Z,14.0,66.0,75.0,978.0,TS,TRAIN,False,,,,,NOT_AVAILABLE,False,,,,,NOT_AVAILABLE,False,,,,,NOT_AVAILABLE,0,TRACK_ONLY,NO_COINCIDENT_SATELLITE_DATA
2023156N10067,BIPARJOY,2023-06-08T09:00:00Z,14.2,66.0,75.0,978.0,TS,TRAIN,False,,,,,NOT_AVAILABLE,False,,,,,NOT_AVAILABLE,False,,,,,NOT_AVAILABLE,0,TRACK_ONLY,NO_COINCIDENT_SATELLITE_DATA
2023156N10067,BIPARJOY,2023-06-08T12:00:00Z,14.3,66.0,75.0,978.0,TS,TRAIN,False,,,,,NOT_AVAILABLE,False,,,,,NOT_AVAILABLE,False,,,,,NOT_AVAILABLE,0,TRACK_ONLY,NO_COINCIDENT_SATELLITE_DATA
2023156N10067,BIPARJOY,2023-06-08T15:00:00Z,14.4,66.0,75.0,978.0,TS,TRAIN,False,,,,,NOT_AVAILABLE,False,,,,,NOT_AVAILABLE,False,,,,,NOT_AVAILABLE,0,TRACK_ONLY,NO_COINCIDENT_SATELLITE_DATA
2023156N10067,BIPARJOY,2023-06-08T18:00:00Z,14.6,66.1,75.0,978.0,TS,TRAIN,False,,,,,NOT_AVAILABLE,False,,,,,NOT_AVAILABLE,False,,,,,NOT_AVAILABLE,0,TRACK_ONLY,NO_COINCIDENT_SATELLITE_DATA
2023156N10067,BIPARJOY,2023-06-08T21:00:00Z,14.6,66.1,75.0,978.0,TS,TRAIN,False,,,,,NOT_AVAILABLE,False,,,,,NOT_AVAILABLE,False,,,,,NOT_AVAILABLE,0,TRACK_ONLY,NO_COINCIDENT_SATELLITE_DATA
2023156N10067,BIPARJOY,2023-06-09T00:00:00Z,14.8,66.3,75.0,978.0,TS,TRAIN,False,,,,,NOT_AVAILABLE,False,,,,,NOT_AVAILABLE,False,,,,,NOT_AVAILABLE,0,TRACK_ONLY,NO_COINCIDENT_SATELLITE_DATA
2023156N10067,BIPARJOY,2023-06-09T03:00:00Z,14.8,66.5,70.0,980.0,TS,TRAIN,False,,,,,NOT_AVAILABLE,False,,,,,NOT_AVAILABLE,False,,,,,NOT_AVAILABLE,0,TRACK_ONLY,NO_COINCIDENT_SATELLITE_DATA
2023156N10067,BIPARJOY,2023-06-09T06:00:00Z,15.0,66.8,70.0,980.0,TS,TRAIN,False,,,,,NOT_AVAILABLE,False,,,,,NOT_AVAILABLE,False,,,,,NOT_AVAILABLE,0,TRACK_ONLY,NO_COINCIDENT_SATELLITE_DATA
2023156N10067,BIPARJOY,2023-06-09T09:00:00Z,15.3,67.0,70.0,980.0,TS,TRAIN,False,,,,,NOT_AVAILABLE,False,,,,,NOT_AVAILABLE,False,,,,,NOT_AVAILABLE,0,TRACK_ONLY,NO_COINCIDENT_SATELLITE_DATA
2023156N10067,BIPARJOY,2023-06-09T12:00:00Z,15.6,67.2,65.0,982.0,TS,TRAIN,False,,,,,NOT_AVAILABLE,False,,,,,NOT_AVAILABLE,False,,,,,NOT_AVAILABLE,0,TRACK_ONLY,NO_COINCIDENT_SATELLITE_DATA
2023156N10067,BIPARJOY,2023-06-09T15:00:00Z,15.9,67.3,65.0,982.0,TS,TRAIN,False,,,,,NOT_AVAILABLE,False,,,,,NOT_AVAILABLE,False,,,,,NOT_AVAILABLE,0,TRACK_ONLY,NO_COINCIDENT_SATELLITE_DATA
2023156N10067,BIPARJOY,2023-06-09T18:00:00Z,16.2,67.4,70.0,978.0,TS,TRAIN,False,,,,,NOT_AVAILABLE,False,,,,,NOT_AVAILABLE,False,,,,,NOT_AVAILABLE,0,TRACK_ONLY,NO_COINCIDENT_SATELLITE_DATA
2023156N10067,BIPARJOY,2023-06-09T21:00:00Z,16.3,67.4,70.0,976.0,TS,TRAIN,False,,,,,NOT_AVAILABLE,False,,,,,NOT_AVAILABLE,False,,,,,NOT_AVAILABLE,0,TRACK_ONLY,NO_COINCIDENT_SATELLITE_DATA
2023156N10067,BIPARJOY,2023-06-10T00:00:00Z,16.5,67.4,75.0,974.0,TS,TRAIN,False,,,,,NOT_AVAILABLE,False,,,,,NOT_AVAILABLE,False,,,,,NOT_AVAILABLE,0,TRACK_ONLY,NO_COINCIDENT_SATELLITE_DATA
2023156N10067,BIPARJOY,2023-06-10T03:00:00Z,16.6,67.3,75.0,972.0,TS,TRAIN,False,,,,,NOT_AVAILABLE,False,,,,,NOT_AVAILABLE,False,,,,,NOT_AVAILABLE,0,TRACK_ONLY,NO_COINCIDENT_SATELLITE_DATA
2023156N10067,BIPARJOY,2023-06-10T06:00:00Z,16.7,67.3,75.0,970.0,TS,TRAIN,False,,,,,NOT_AVAILABLE,False,,,,,NOT_AVAILABLE,False,,,,,NOT_AVAILABLE,0,TRACK_ONLY,NO_COINCIDENT_SATELLITE_DATA
2023156N10067,BIPARJOY,2023-06-10T09:00:00Z,16.9,67.4,80.0,966.0,TS,TRAIN,False,,,,,NOT_AVAILABLE,False,,,,,NOT_AVAILABLE,False,,,,,NOT_AVAILABLE,0,TRACK_ONLY,NO_COINCIDENT_SATELLITE_DATA
2023156N10067,BIPARJOY,2023-06-10T12:00:00Z,17.2,67.3,80.0,964.0,TS,TRAIN,False,,,,,NOT_AVAILABLE,False,,,,,NOT_AVAILABLE,False,,,,,NOT_AVAILABLE,0,TRACK_ONLY,NO_COINCIDENT_SATELLITE_DATA
2023156N10067,BIPARJOY,2023-06-10T15:00:00Z,17.4,67.3,80.0,964.0,TS,TRAIN,False,,,,,NOT_AVAILABLE,False,,,,,NOT_AVAILABLE,False,,,,,NOT_AVAILABLE,0,TRACK_ONLY,NO_COINCIDENT_SATELLITE_DATA
2023156N10067,BIPARJOY,2023-06-10T18:00:00Z,17.5,67.4,85.0,962.0,TS,TRAIN,False,,,,,NOT_AVAILABLE,False,,,,,NOT_AVAILABLE,False,,,,,NOT_AVAILABLE,0,TRACK_ONLY,NO_COINCIDENT_SATELLITE_DATA
2023156N10067,BIPARJOY,2023-06-10T21:00:00Z,17.6,67.4,85.0,962.0,TS,TRAIN,False,,,,,NOT_AVAILABLE,False,,,,,NOT_AVAILABLE,False,,,,,NOT_AVAILABLE,0,TRACK_ONLY,NO_COINCIDENT_SATELLITE_DATA
2023156N10067,BIPARJOY,2023-06-11T00:00:00Z,17.8,67.6,90.0,960.0,TS,TRAIN,False,,,,,NOT_AVAILABLE,False,,,,,NOT_AVAILABLE,False,,,,,NOT_AVAILABLE,0,TRACK_ONLY,NO_COINCIDENT_SATELLITE_DATA
2023156N10067,BIPARJOY,2023-06-11T03:00:00Z,18.0,67.7,90.0,958.0,TS,TRAIN,False,,,,,NOT_AVAILABLE,False,,,,,NOT_AVAILABLE,False,,,,,NOT_AVAILABLE,0,TRACK_ONLY,NO_COINCIDENT_SATELLITE_DATA
2023156N10067,BIPARJOY,2023-06-11T06:00:00Z,18.3,67.8,90.0,958.0,TS,TRAIN,False,,,,,NOT_AVAILABLE,False,,,,,NOT_AVAILABLE,False,,,,,NOT_AVAILABLE,0,TRACK_ONLY,NO_COINCIDENT_SATELLITE_DATA
2023156N10067,BIPARJOY,2023-06-11T09:00:00Z,18.5,67.8,90.0,958.0,TS,TRAIN,False,,,,,NOT_AVAILABLE,False,,,,,NOT_AVAILABLE,False,,,,,NOT_AVAILABLE,0,TRACK_ONLY,NO_COINCIDENT_SATELLITE_DATA
2023156N10067,BIPARJOY,2023-06-11T12:00:00Z,18.7,67.8,90.0,958.0,TS,TRAIN,False,,,,,NOT_AVAILABLE,False,,,,,NOT_AVAILABLE,False,,,,,NOT_AVAILABLE,0,TRACK_ONLY,NO_COINCIDENT_SATELLITE_DATA
2023156N10067,BIPARJOY,2023-06-11T15:00:00Z,18.8,67.8,90.0,958.0,TS,TRAIN,False,,,,,NOT_AVAILABLE,False,,,,,NOT_AVAILABLE,False,,,,,NOT_AVAILABLE,0,TRACK_ONLY,NO_COINCIDENT_SATELLITE_DATA
2023156N10067,BIPARJOY,2023-06-11T18:00:00Z,18.9,67.8,90.0,958.0,TS,TRAIN,False,,,,,NOT_AVAILABLE,False,,,,,NOT_AVAILABLE,False,,,,,NOT_AVAILABLE,0,TRACK_ONLY,NO_COINCIDENT_SATELLITE_DATA
2023156N10067,BIPARJOY,2023-06-11T21:00:00Z,19.0,67.7,90.0,958.0,TS,TRAIN,False,,,,,NOT_AVAILABLE,False,,,,,NOT_AVAILABLE,False,,,,,NOT_AVAILABLE,0,TRACK_ONLY,NO_COINCIDENT_SATELLITE_DATA
2023156N10067,BIPARJOY,2023-06-12T00:00:00Z,19.2,67.7,90.0,958.0,TS,TRAIN,False,,,,,NOT_AVAILABLE,False,,,,,NOT_AVAILABLE,False,,,,,NOT_AVAILABLE,0,TRACK_ONLY,NO_COINCIDENT_SATELLITE_DATA
2023156N10067,BIPARJOY,2023-06-12T03:00:00Z,19.4,67.6,90.0,958.0,TS,TRAIN,False,,,,,NOT_AVAILABLE,False,,,,,NOT_AVAILABLE,False,,,,,NOT_AVAILABLE,0,TRACK_ONLY,NO_COINCIDENT_SATELLITE_DATA
2023156N10067,BIPARJOY,2023-06-12T06:00:00Z,19.7,67.5,90.0,958.0,TS,TRAIN,False,,,,,NOT_AVAILABLE,False,,,,,NOT_AVAILABLE,False,,,,,NOT_AVAILABLE,0,TRACK_ONLY,NO_COINCIDENT_SATELLITE_DATA
2023156N10067,BIPARJOY,2023-06-12T09:00:00Z,19.8,67.4,90.0,958.0,TS,TRAIN,False,,,,,NOT_AVAILABLE,False,,,,,NOT_AVAILABLE,False,,,,,NOT_AVAILABLE,0,TRACK_ONLY,NO_COINCIDENT_SATELLITE_DATA
2023156N10067,BIPARJOY,2023-06-12T12:00:00Z,19.9,67.3,90.0,960.0,TS,TRAIN,False,,,,,NOT_AVAILABLE,False,,,,,NOT_AVAILABLE,False,,,,,NOT_AVAILABLE,0,TRACK_ONLY,NO_COINCIDENT_SATELLITE_DATA
2023156N10067,BIPARJOY,2023-06-12T15:00:00Z,20.0,67.2,90.0,960.0,TS,TRAIN,False,,,,,NOT_AVAILABLE,False,,,,,NOT_AVAILABLE,False,,,,,NOT_AVAILABLE,0,TRACK_ONLY,NO_COINCIDENT_SATELLITE_DATA
2023156N10067,BIPARJOY,2023-06-12T18:00:00Z,20.2,67.2,85.0,962.0,TS,TRAIN,False,,,,,NOT_AVAILABLE,False,,,,,NOT_AVAILABLE,False,,,,,NOT_AVAILABLE,0,TRACK_ONLY,NO_COINCIDENT_SATELLITE_DATA
2023156N10067,BIPARJOY,2023-06-12T21:00:00Z,20.4,67.2,85.0,962.0,TS,TRAIN,False,,,,,NOT_AVAILABLE,False,,,,,NOT_AVAILABLE,False,,,,,NOT_AVAILABLE,0,TRACK_ONLY,NO_COINCIDENT_SATELLITE_DATA
2023156N10067,BIPARJOY,2023-06-13T00:00:00Z,20.7,67.0,85.0,962.0,TS,TRAIN,False,,,,,NOT_AVAILABLE,False,,,,,NOT_AVAILABLE,False,,,,,NOT_AVAILABLE,0,TRACK_ONLY,NO_COINCIDENT_SATELLITE_DATA
2023156N10067,BIPARJOY,2023-06-13T03:00:00Z,20.9,66.9,85.0,962.0,TS,TRAIN,False,,,,,NOT_AVAILABLE,False,,,,,NOT_AVAILABLE,False,,,,,NOT_AVAILABLE,0,TRACK_ONLY,NO_COINCIDENT_SATELLITE_DATA
2023156N10067,BIPARJOY,2023-06-13T06:00:00Z,21.0,66.8,85.0,962.0,TS,TRAIN,False,,,,,NOT_AVAILABLE,False,,,,,NOT_AVAILABLE,False,,,,,NOT_AVAILABLE,0,TRACK_ONLY,NO_COINCIDENT_SATELLITE_DATA
2023156N10067,BIPARJOY,2023-06-13T09:00:00Z,21.1,66.5,85.0,962.0,TS,TRAIN,False,,,,,NOT_AVAILABLE,False,,,,,NOT_AVAILABLE,False,,,,,NOT_AVAILABLE,0,TRACK_ONLY,NO_COINCIDENT_SATELLITE_DATA
2023156N10067,BIPARJOY,2023-06-13T12:00:00Z,21.2,66.5,85.0,962.0,TS,TRAIN,False,,,,,NOT_AVAILABLE,False,,,,,NOT_AVAILABLE,False,,,,,NOT_AVAILABLE,0,TRACK_ONLY,NO_COINCIDENT_SATELLITE_DATA
2023156N10067,BIPARJOY,2023-06-13T15:00:00Z,21.3,66.4,85.0,962.0,TS,TRAIN,False,,,,,NOT_AVAILABLE,False,,,,,NOT_AVAILABLE,False,,,,,NOT_AVAILABLE,0,TRACK_ONLY,NO_COINCIDENT_SATELLITE_DATA
2023156N10067,BIPARJOY,2023-06-13T18:00:00Z,21.5,66.4,85.0,962.0,TS,TRAIN,False,,,,,NOT_AVAILABLE,False,,,,,NOT_AVAILABLE,False,,,,,NOT_AVAILABLE,0,TRACK_ONLY,NO_COINCIDENT_SATELLITE_DATA
2023156N10067,BIPARJOY,2023-06-13T21:00:00Z,21.5,66.3,85.0,964.0,TS,TRAIN,False,,,,,NOT_AVAILABLE,False,,,,,NOT_AVAILABLE,False,,,,,NOT_AVAILABLE,0,TRACK_ONLY,NO_COINCIDENT_SATELLITE_DATA
2023156N10067,BIPARJOY,2023-06-14T00:00:00Z,21.6,66.3,80.0,966.0,TS,TRAIN,False,,,,,NOT_AVAILABLE,False,,,,,NOT_AVAILABLE,False,,,,,NOT_AVAILABLE,0,TRACK_ONLY,NO_COINCIDENT_SATELLITE_DATA
2023156N10067,BIPARJOY,2023-06-14T03:00:00Z,21.6,66.3,80.0,966.0,TS,TRAIN,False,,,,,NOT_AVAILABLE,False,,,,,NOT_AVAILABLE,False,,,,,NOT_AVAILABLE,0,TRACK_ONLY,NO_COINCIDENT_SATELLITE_DATA
2023156N10067,BIPARJOY,2023-06-14T06:00:00Z,21.6,66.4,80.0,966.0,TS,TRAIN,False,,,,,NOT_AVAILABLE,False,,,,,NOT_AVAILABLE,False,,,,,NOT_AVAILABLE,0,TRACK_ONLY,NO_COINCIDENT_SATELLITE_DATA
2023156N10067,BIPARJOY,2023-06-14T09:00:00Z,21.7,66.6,80.0,966.0,TS,TRAIN,False,,,,,NOT_AVAILABLE,False,,,,,NOT_AVAILABLE,False,,,,,NOT_AVAILABLE,0,TRACK_ONLY,NO_COINCIDENT_SATELLITE_DATA
2023156N10067,BIPARJOY,2023-06-14T12:00:00Z,21.9,66.7,75.0,970.0,TS,TRAIN,False,,,,,NOT_AVAILABLE,False,,,,,NOT_AVAILABLE,False,,,,,NOT_AVAILABLE,0,TRACK_ONLY,NO_COINCIDENT_SATELLITE_DATA
2023156N10067,BIPARJOY,2023-06-14T15:00:00Z,22.1,66.8,70.0,974.0,TS,TRAIN,False,,,,,NOT_AVAILABLE,False,,,,,NOT_AVAILABLE,False,,,,,NOT_AVAILABLE,0,TRACK_ONLY,NO_COINCIDENT_SATELLITE_DATA
2023156N10067,BIPARJOY,2023-06-14T18:00:00Z,22.2,66.8,70.0,974.0,TS,TRAIN,False,,,,,NOT_AVAILABLE,False,,,,,NOT_AVAILABLE,False,,,,,NOT_AVAILABLE,0,TRACK_ONLY,NO_COINCIDENT_SATELLITE_DATA
2023156N10067,BIPARJOY,2023-06-14T21:00:00Z,22.3,66.8,70.0,974.0,TS,TRAIN,False,,,,,NOT_AVAILABLE,False,,,,,NOT_AVAILABLE,False,,,,,NOT_AVAILABLE,0,TRACK_ONLY,NO_COINCIDENT_SATELLITE_DATA
2023156N10067,BIPARJOY,2023-06-15T00:00:00Z,22.3,67.0,70.0,974.0,TS,TRAIN,False,,,,,NOT_AVAILABLE,False,,,,,NOT_AVAILABLE,False,,,,,NOT_AVAILABLE,0,TRACK_ONLY,NO_COINCIDENT_SATELLITE_DATA
2023156N10067,BIPARJOY,2023-06-15T03:00:00Z,22.5,67.1,70.0,974.0,TS,TRAIN,False,,,,,NOT_AVAILABLE,False,,,,,NOT_AVAILABLE,False,,,,,NOT_AVAILABLE,0,TRACK_ONLY,NO_COINCIDENT_SATELLITE_DATA
2023156N10067,BIPARJOY,2023-06-15T06:00:00Z,22.6,67.3,65.0,976.0,TS,TRAIN,False,,,,,NOT_AVAILABLE,False,,,,,NOT_AVAILABLE,False,,,,,NOT_AVAILABLE,0,TRACK_ONLY,NO_COINCIDENT_SATELLITE_DATA
2023156N10067,BIPARJOY,2023-06-15T09:00:00Z,22.7,67.7,65.0,976.0,TS,TRAIN,False,,,,,NOT_AVAILABLE,False,,,,,NOT_AVAILABLE,False,,,,,NOT_AVAILABLE,0,TRACK_ONLY,NO_COINCIDENT_SATELLITE_DATA
2023156N10067,BIPARJOY,2023-06-15T12:00:00Z,22.8,68.1,65.0,976.0,TS,TRAIN,False,,,,,NOT_AVAILABLE,False,,,,,NOT_AVAILABLE,False,,,,,NOT_AVAILABLE,0,TRACK_ONLY,NO_COINCIDENT_SATELLITE_DATA
2023156N10067,BIPARJOY,2023-06-15T15:00:00Z,23.1,68.4,65.0,976.0,TS,TRAIN,False,,,,,NOT_AVAILABLE,False,,,,,NOT_AVAILABLE,False,,,,,NOT_AVAILABLE,0,TRACK_ONLY,NO_COINCIDENT_SATELLITE_DATA
2023156N10067,BIPARJOY,2023-06-15T18:00:00Z,23.3,68.6,60.0,980.0,TS,TRAIN,False,,,,,NOT_AVAILABLE,False,,,,,NOT_AVAILABLE,False,,,,,NOT_AVAILABLE,0,TRACK_ONLY,NO_COINCIDENT_SATELLITE_DATA
2023156N10067,BIPARJOY,2023-06-15T21:00:00Z,23.4,68.8,50.0,982.0,TS,TRAIN,False,,,,,NOT_AVAILABLE,False,,,,,NOT_AVAILABLE,False,,,,,NOT_AVAILABLE,0,TRACK_ONLY,NO_COINCIDENT_SATELLITE_DATA
2023156N10067,BIPARJOY,2023-06-16T00:00:00Z,23.5,69.1,50.0,978.0,TS,TRAIN,False,,,,,NOT_AVAILABLE,False,,,,,NOT_AVAILABLE,False,,,,,NOT_AVAILABLE,0,TRACK_ONLY,NO_COINCIDENT_SATELLITE_DATA
2023156N10067,BIPARJOY,2023-06-16T03:00:00Z,23.5,69.4,45.0,978.0,TS,TRAIN,False,,,,,NOT_AVAILABLE,False,,,,,NOT_AVAILABLE,False,,,,,NOT_AVAILABLE,0,TRACK_ONLY,NO_COINCIDENT_SATELLITE_DATA
2023156N10067,BIPARJOY,2023-06-16T06:00:00Z,23.7,69.7,40.0,980.0,TS,TRAIN,False,,,,,NOT_AVAILABLE,False,,,,,NOT_AVAILABLE,False,,,,,NOT_AVAILABLE,0,TRACK_ONLY,NO_COINCIDENT_SATELLITE_DATA
2023156N10067,BIPARJOY,2023-06-16T09:00:00Z,23.9,70.0,40.0,984.0,TS,TRAIN,False,,,,,NOT_AVAILABLE,False,,,,,NOT_AVAILABLE,False,,,,,NOT_AVAILABLE,0,TRACK_ONLY,NO_COINCIDENT_SATELLITE_DATA
2023156N10067,BIPARJOY,2023-06-16T12:00:00Z,24.2,70.4,35.0,986.0,TS,TRAIN,False,,,,,NOT_AVAILABLE,False,,,,,NOT_AVAILABLE,False,,,,,NOT_AVAILABLE,0,TRACK_ONLY,NO_COINCIDENT_SATELLITE_DATA
2023156N10067,BIPARJOY,2023-06-16T15:00:00Z,24.5,70.7,35.0,987.0,TS,TRAIN,False,,,,,NOT_AVAILABLE,False,,,,,NOT_AVAILABLE,False,,,,,NOT_AVAILABLE,0,TRACK_ONLY,NO_COINCIDENT_SATELLITE_DATA
2023156N10067,BIPARJOY,2023-06-16T18:00:00Z,24.6,70.9,30.0,988.0,TS,TRAIN,False,,,,,NOT_AVAILABLE,False,,,,,NOT_AVAILABLE,False,,,,,NOT_AVAILABLE,0,TRACK_ONLY,NO_COINCIDENT_SATELLITE_DATA
2023156N10067,BIPARJOY,2023-06-16T21:00:00Z,24.7,71.0,33.0,989.0,TS,TRAIN,False,,,,,NOT_AVAILABLE,False,,,,,NOT_AVAILABLE,False,,,,,NOT_AVAILABLE,0,TRACK_ONLY,NO_COINCIDENT_SATELLITE_DATA
2023156N10067,BIPARJOY,2023-06-17T00:00:00Z,24.8,71.2,30.0,988.0,TS,TRAIN,False,,,,,NOT_AVAILABLE,False,,,,,NOT_AVAILABLE,False,,,,,NOT_AVAILABLE,0,TRACK_ONLY,NO_COINCIDENT_SATELLITE_DATA
2023156N10067,BIPARJOY,2023-06-17T03:00:00Z,25.0,71.5,30.0,988.0,TS,TRAIN,False,,,,,NOT_AVAILABLE,False,,,,,NOT_AVAILABLE,False,,,,,NOT_AVAILABLE,0,TRACK_ONLY,NO_COINCIDENT_SATELLITE_DATA
2023156N10067,BIPARJOY,2023-06-17T06:00:00Z,25.3,71.9,30.0,989.0,TS,TRAIN,False,,,,,NOT_AVAILABLE,False,,,,,NOT_AVAILABLE,False,,,,,NOT_AVAILABLE,0,TRACK_ONLY,NO_COINCIDENT_SATELLITE_DATA
2023156N10067,BIPARJOY,2023-06-17T09:00:00Z,25.5,72.2,,,TS,TRAIN,False,,,,,NOT_AVAILABLE,False,,,,,NOT_AVAILABLE,False,,,,,NOT_AVAILABLE,0,TRACK_ONLY,NO_COINCIDENT_SATELLITE_DATA
2023156N10067,BIPARJOY,2023-06-17T12:00:00Z,25.6,72.5,25.0,990.0,TS,TRAIN,False,,,,,NOT_AVAILABLE,False,,,,,NOT_AVAILABLE,False,,,,,NOT_AVAILABLE,0,TRACK_ONLY,NO_COINCIDENT_SATELLITE_DATA
2023156N10067,BIPARJOY,2023-06-17T15:00:00Z,25.7,72.7,,,TS,TRAIN,False,,,,,NOT_AVAILABLE,False,,,,,NOT_AVAILABLE,False,,,,,NOT_AVAILABLE,0,TRACK_ONLY,NO_COINCIDENT_SATELLITE_DATA
2023156N10067,BIPARJOY,2023-06-17T18:00:00Z,25.8,72.8,25.0,991.0,TS,TRAIN,False,,,,,NOT_AVAILABLE,False,,,,,NOT_AVAILABLE,False,,,,,NOT_AVAILABLE,0,TRACK_ONLY,NO_COINCIDENT_SATELLITE_DATA
2023156N10067,BIPARJOY,2023-06-17T21:00:00Z,25.9,73.0,,,TS,TRAIN,False,,,,,NOT_AVAILABLE,False,,,,,NOT_AVAILABLE,False,,,,,NOT_AVAILABLE,0,TRACK_ONLY,NO_COINCIDENT_SATELLITE_DATA
2023156N10067,BIPARJOY,2023-06-18T00:00:00Z,26.0,73.3,25.0,991.0,TS,TRAIN,False,,,,,NOT_AVAILABLE,False,,,,,NOT_AVAILABLE,False,,,,,NOT_AVAILABLE,0,TRACK_ONLY,NO_COINCIDENT_SATELLITE_DATA
2023156N10067,BIPARJOY,2023-06-18T03:00:00Z,26.2,73.8,25.0,992.0,TS,TRAIN,False,,,,,NOT_AVAILABLE,False,,,,,NOT_AVAILABLE,False,,,,,NOT_AVAILABLE,0,TRACK_ONLY,NO_COINCIDENT_SATELLITE_DATA
2023156N10067,BIPARJOY,2023-06-18T06:00:00Z,26.3,74.0,25.0,994.0,TS,TRAIN,False,,,,,NOT_AVAILABLE,False,,,,,NOT_AVAILABLE,False,,,,,NOT_AVAILABLE,0,TRACK_ONLY,NO_COINCIDENT_SATELLITE_DATA
2023156N10067,BIPARJOY,2023-06-18T09:00:00Z,26.3,74.3,,,TS,TRAIN,False,,,,,NOT_AVAILABLE,False,,,,,NOT_AVAILABLE,False,,,,,NOT_AVAILABLE,0,TRACK_ONLY,NO_COINCIDENT_SATELLITE_DATA
2023156N10067,BIPARJOY,2023-06-18T12:00:00Z,26.3,74.7,20.0,995.0,TS,TRAIN,False,,,,,NOT_AVAILABLE,False,,,,,NOT_AVAILABLE,False,,,,,NOT_AVAILABLE,0,TRACK_ONLY,NO_COINCIDENT_SATELLITE_DATA
2023156N10067,BIPARJOY,2023-06-18T15:00:00Z,26.3,74.9,,,TS,TRAIN,False,,,,,NOT_AVAILABLE,False,,,,,NOT_AVAILABLE,False,,,,,NOT_AVAILABLE,0,TRACK_ONLY,NO_COINCIDENT_SATELLITE_DATA
2023156N10067,BIPARJOY,2023-06-18T18:00:00Z,26.3,75.2,20.0,995.0,TS,TRAIN,False,,,,,NOT_AVAILABLE,False,,,,,NOT_AVAILABLE,False,,,,,NOT_AVAILABLE,0,TRACK_ONLY,NO_COINCIDENT_SATELLITE_DATA
2023156N10067,BIPARJOY,2023-06-18T21:00:00Z,26.3,75.6,,,TS,TRAIN,False,,,,,NOT_AVAILABLE,False,,,,,NOT_AVAILABLE,False,,,,,NOT_AVAILABLE,0,TRACK_ONLY,NO_COINCIDENT_SATELLITE_DATA
2023156N10067,BIPARJOY,2023-06-19T00:00:00Z,26.3,76.0,20.0,995.0,TS,TRAIN,False,,,,,NOT_AVAILABLE,False,,,,,NOT_AVAILABLE,False,,,,,NOT_AVAILABLE,0,TRACK_ONLY,NO_COINCIDENT_SATELLITE_DATA
2023160N20092,UNNAMED,2023-06-08T12:00:00Z,19.5,92.1,30.0,1000.0,TS,TRAIN,False,,,,,NOT_AVAILABLE,False,,,,,NOT_AVAILABLE,False,,,,,NOT_AVAILABLE,0,TRACK_ONLY,NO_COINCIDENT_SATELLITE_DATA
2023160N20092,UNNAMED,2023-06-08T15:00:00Z,19.5,91.9,33.0,998.0,TS,TRAIN,False,,,,,NOT_AVAILABLE,False,,,,,NOT_AVAILABLE,False,,,,,NOT_AVAILABLE,0,TRACK_ONLY,NO_COINCIDENT_SATELLITE_DATA
2023160N20092,UNNAMED,2023-06-08T18:00:00Z,19.6,91.7,35.0,996.0,TS,TRAIN,False,,,,,NOT_AVAILABLE,False,,,,,NOT_AVAILABLE,False,,,,,NOT_AVAILABLE,0,TRACK_ONLY,NO_COINCIDENT_SATELLITE_DATA
2023160N20092,UNNAMED,2023-06-08T21:00:00Z,19.7,91.6,38.0,989.0,TS,TRAIN,False,,,,,NOT_AVAILABLE,False,,,,,NOT_AVAILABLE,False,,,,,NOT_AVAILABLE,0,TRACK_ONLY,NO_COINCIDENT_SATELLITE_DATA
2023160N20092,UNNAMED,2023-06-09T00:00:00Z,19.8,91.5,40.0,982.0,TS,TRAIN,False,,,,,NOT_AVAILABLE,False,,,,,NOT_AVAILABLE,False,,,,,NOT_AVAILABLE,0,TRACK_ONLY,NO_COINCIDENT_SATELLITE_DATA
2023160N20092,UNNAMED,2023-06-09T03:00:00Z,19.9,91.5,40.0,989.0,TS,TRAIN,False,,,,,NOT_AVAILABLE,False,,,,,NOT_AVAILABLE,False,,,,,NOT_AVAILABLE,0,TRACK_ONLY,NO_COINCIDENT_SATELLITE_DATA
2023160N20092,UNNAMED,2023-06-09T06:00:00Z,19.9,91.5,40.0,995.0,TS,TRAIN,False,,,,,NOT_AVAILABLE,False,,,,,NOT_AVAILABLE,False,,,,,NOT_AVAILABLE,0,TRACK_ONLY,NO_COINCIDENT_SATELLITE_DATA
2023160N20092,UNNAMED,2023-06-09T09:00:00Z,19.9,91.5,43.0,993.0,TS,TRAIN,False,,,,,NOT_AVAILABLE,False,,,,,NOT_AVAILABLE,False,,,,,NOT_AVAILABLE,0,TRACK_ONLY,NO_COINCIDENT_SATELLITE_DATA
2023160N20092,UNNAMED,2023-06-09T12:00:00Z,20.0,91.5,45.0,991.0,TS,TRAIN,False,,,,,NOT_AVAILABLE,False,,,,,NOT_AVAILABLE,False,,,,,NOT_AVAILABLE,0,TRACK_ONLY,NO_COINCIDENT_SATELLITE_DATA
2023160N20092,UNNAMED,2023-06-09T15:00:00Z,20.0,91.5,40.0,991.0,TS,TRAIN,False,,,,,NOT_AVAILABLE,False,,,,,NOT_AVAILABLE,False,,,,,NOT_AVAILABLE,0,TRACK_ONLY,NO_COINCIDENT_SATELLITE_DATA
2023160N20092,UNNAMED,2023-06-09T18:00:00Z,20.2,91.6,35.0,991.0,TS,TRAIN,False,,,,,NOT_AVAILABLE,False,,,,,NOT_AVAILABLE,False,,,,,NOT_AVAILABLE,0,TRACK_ONLY,NO_COINCIDENT_SATELLITE_DATA
2023160N20092,UNNAMED,2023-06-09T21:00:00Z,20.6,91.7,33.0,994.0,TS,TRAIN,False,,,,,NOT_AVAILABLE,False,,,,,NOT_AVAILABLE,False,,,,,NOT_AVAILABLE,0,TRACK_ONLY,NO_COINCIDENT_SATELLITE_DATA
2023160N20092,UNNAMED,2023-06-10T00:00:00Z,21.0,91.8,30.0,996.0,TS,TRAIN,False,,,,,NOT_AVAILABLE,False,,,,,NOT_AVAILABLE,False,,,,,NOT_AVAILABLE,0,TRACK_ONLY,NO_COINCIDENT_SATELLITE_DATA
2023160N20092,UNNAMED,2023-06-10T03:00:00Z,21.4,91.7,28.0,994.0,TS,TRAIN,False,,,,,NOT_AVAILABLE,False,,,,,NOT_AVAILABLE,False,,,,,NOT_AVAILABLE,0,TRACK_ONLY,NO_COINCIDENT_SATELLITE_DATA
2023160N20092,UNNAMED,2023-06-10T06:00:00Z,21.8,91.4,25.0,992.0,TS,TRAIN,False,,,,,NOT_AVAILABLE,False,,,,,NOT_AVAILABLE,False,,,,,NOT_AVAILABLE,0,TRACK_ONLY,NO_COINCIDENT_SATELLITE_DATA
2023212N19090,UNNAMED,2023-07-30T12:00:00Z,19.0,90.0,25.0,1004.0,TS,VAL,False,,,,,NOT_AVAILABLE,False,,,,,NOT_AVAILABLE,False,,,,,NOT_AVAILABLE,0,TRACK_ONLY,NO_COINCIDENT_SATELLITE_DATA
2023212N19090,UNNAMED,2023-07-30T15:00:00Z,18.8,90.2,28.0,1002.0,TS,VAL,False,,,,,NOT_AVAILABLE,False,,,,,NOT_AVAILABLE,False,,,,,NOT_AVAILABLE,0,TRACK_ONLY,NO_COINCIDENT_SATELLITE_DATA
2023212N19090,UNNAMED,2023-07-30T18:00:00Z,18.7,90.5,30.0,1000.0,TS,VAL,False,,,,,NOT_AVAILABLE,False,,,,,NOT_AVAILABLE,False,,,,,NOT_AVAILABLE,0,TRACK_ONLY,NO_COINCIDENT_SATELLITE_DATA
2023212N19090,UNNAMED,2023-07-30T21:00:00Z,18.6,90.8,30.0,992.0,TS,VAL,False,,,,,NOT_AVAILABLE,False,,,,,NOT_AVAILABLE,False,,,,,NOT_AVAILABLE,0,TRACK_ONLY,NO_COINCIDENT_SATELLITE_DATA
2023212N19090,UNNAMED,2023-07-31T00:00:00Z,18.6,91.0,30.0,984.0,TS,VAL,False,,,,,NOT_AVAILABLE,False,,,,,NOT_AVAILABLE,False,,,,,NOT_AVAILABLE,0,TRACK_ONLY,NO_COINCIDENT_SATELLITE_DATA
2023212N19090,UNNAMED,2023-07-31T03:00:00Z,18.6,91.2,30.0,988.0,TS,VAL,False,,,,,NOT_AVAILABLE,False,,,,,NOT_AVAILABLE,False,,,,,NOT_AVAILABLE,0,TRACK_ONLY,NO_COINCIDENT_SATELLITE_DATA
2023212N19090,UNNAMED,2023-07-31T06:00:00Z,18.6,91.3,30.0,992.0,TS,VAL,False,,,,,NOT_AVAILABLE,False,,,,,NOT_AVAILABLE,False,,,,,NOT_AVAILABLE,0,TRACK_ONLY,NO_COINCIDENT_SATELLITE_DATA
2023212N19090,UNNAMED,2023-07-31T09:00:00Z,18.7,91.6,33.0,991.0,TS,VAL,False,,,,,NOT_AVAILABLE,False,,,,,NOT_AVAILABLE,False,,,,,NOT_AVAILABLE,0,TRACK_ONLY,NO_COINCIDENT_SATELLITE_DATA
2023212N19090,UNNAMED,2023-07-31T12:00:00Z,19.0,91.8,35.0,990.0,TS,VAL,False,,,,,NOT_AVAILABLE,False,,,,,NOT_AVAILABLE,False,,,,,NOT_AVAILABLE,0,TRACK_ONLY,NO_COINCIDENT_SATELLITE_DATA
2023212N19090,UNNAMED,2023-07-31T15:00:00Z,19.5,91.9,38.0,989.0,TS,VAL,False,,,,,NOT_AVAILABLE,False,,,,,NOT_AVAILABLE,False,,,,,NOT_AVAILABLE,0,TRACK_ONLY,NO_COINCIDENT_SATELLITE_DATA
2023212N19090,UNNAMED,2023-07-31T18:00:00Z,19.9,92.0,40.0,987.0,TS,VAL,False,,,,,NOT_AVAILABLE,False,,,,,NOT_AVAILABLE,False,,,,,NOT_AVAILABLE,0,TRACK_ONLY,NO_COINCIDENT_SATELLITE_DATA
2023212N19090,UNNAMED,2023-07-31T21:00:00Z,19.8,92.1,40.0,988.0,TS,VAL,False,,,,,NOT_AVAILABLE,False,,,,,NOT_AVAILABLE,False,,,,,NOT_AVAILABLE,0,TRACK_ONLY,NO_COINCIDENT_SATELLITE_DATA
2023212N19090,UNNAMED,2023-08-01T00:00:00Z,20.0,91.9,25.0,992.0,TS,VAL,False,,,,,NOT_AVAILABLE,False,,,,,NOT_AVAILABLE,False,,,,,NOT_AVAILABLE,0,TRACK_ONLY,NO_COINCIDENT_SATELLITE_DATA
2023212N19090,UNNAMED,2023-08-01T03:00:00Z,20.9,91.3,30.0,990.0,TS,VAL,False,,,,,NOT_AVAILABLE,False,,,,,NOT_AVAILABLE,False,,,,,NOT_AVAILABLE,0,TRACK_ONLY,NO_COINCIDENT_SATELLITE_DATA
2023212N19090,UNNAMED,2023-08-01T06:00:00Z,21.6,90.7,30.0,990.0,TS,VAL,False,,,,,NOT_AVAILABLE,False,,,,,NOT_AVAILABLE,False,,,,,NOT_AVAILABLE,0,TRACK_ONLY,NO_COINCIDENT_SATELLITE_DATA
2023212N19090,UNNAMED,2023-08-01T09:00:00Z,22.0,90.2,33.0,986.0,TS,VAL,False,,,,,NOT_AVAILABLE,False,,,,,NOT_AVAILABLE,False,,,,,NOT_AVAILABLE,0,TRACK_ONLY,NO_COINCIDENT_SATELLITE_DATA
2023212N19090,UNNAMED,2023-08-01T12:00:00Z,22.3,89.7,30.0,988.0,TS,VAL,False,,,,,NOT_AVAILABLE,False,,,,,NOT_AVAILABLE,False,,,,,NOT_AVAILABLE,0,TRACK_ONLY,NO_COINCIDENT_SATELLITE_DATA
2023212N19090,UNNAMED,2023-08-01T15:00:00Z,22.6,89.3,28.0,982.0,TS,VAL,False,,,,,NOT_AVAILABLE,False,,,,,NOT_AVAILABLE,False,,,,,NOT_AVAILABLE,0,TRACK_ONLY,NO_COINCIDENT_SATELLITE_DATA
2023212N19090,UNNAMED,2023-08-01T18:00:00Z,22.8,88.8,30.0,988.0,TS,VAL,False,,,,,NOT_AVAILABLE,False,,,,,NOT_AVAILABLE,False,,,,,NOT_AVAILABLE,0,TRACK_ONLY,NO_COINCIDENT_SATELLITE_DATA
2023212N19090,UNNAMED,2023-08-01T21:00:00Z,22.9,88.1,25.0,988.0,TS,VAL,False,,,,,NOT_AVAILABLE,False,,,,,NOT_AVAILABLE,False,,,,,NOT_AVAILABLE,0,TRACK_ONLY,NO_COINCIDENT_SATELLITE_DATA
2023212N19090,UNNAMED,2023-08-02T00:00:00Z,23.1,87.4,30.0,988.0,TS,VAL,False,,,,,NOT_AVAILABLE,False,,,,,NOT_AVAILABLE,False,,,,,NOT_AVAILABLE,0,TRACK_ONLY,NO_COINCIDENT_SATELLITE_DATA
2023212N19090,UNNAMED,2023-08-02T03:00:00Z,23.2,86.9,30.0,989.0,TS,VAL,False,,,,,NOT_AVAILABLE,False,,,,,NOT_AVAILABLE,False,,,,,NOT_AVAILABLE,0,TRACK_ONLY,NO_COINCIDENT_SATELLITE_DATA
2023212N19090,UNNAMED,2023-08-02T06:00:00Z,23.3,86.2,30.0,989.0,MX,VAL,False,,,,,NOT_AVAILABLE,False,,,,,NOT_AVAILABLE,False,,,,,NOT_AVAILABLE,0,TRACK_ONLY,NO_COINCIDENT_SATELLITE_DATA
2023212N19090,UNNAMED,2023-08-02T09:00:00Z,23.3,85.6,,,TS,VAL,False,,,,,NOT_AVAILABLE,False,,,,,NOT_AVAILABLE,False,,,,,NOT_AVAILABLE,0,TRACK_ONLY,NO_COINCIDENT_SATELLITE_DATA
2023212N19090,UNNAMED,2023-08-02T12:00:00Z,23.3,85.1,25.0,990.0,TS,VAL,False,,,,,NOT_AVAILABLE,False,,,,,NOT_AVAILABLE,False,,,,,NOT_AVAILABLE,0,TRACK_ONLY,NO_COINCIDENT_SATELLITE_DATA
2023212N19090,UNNAMED,2023-08-02T15:00:00Z,23.3,84.6,,,TS,VAL,False,,,,,NOT_AVAILABLE,False,,,,,NOT_AVAILABLE,False,,,,,NOT_AVAILABLE,0,TRACK_ONLY,NO_COINCIDENT_SATELLITE_DATA
2023212N19090,UNNAMED,2023-08-02T18:00:00Z,23.3,84.1,25.0,990.0,TS,VAL,False,,,,,NOT_AVAILABLE,False,,,,,NOT_AVAILABLE,False,,,,,NOT_AVAILABLE,0,TRACK_ONLY,NO_COINCIDENT_SATELLITE_DATA
2023212N19090,UNNAMED,2023-08-02T21:00:00Z,23.3,83.7,,,TS,VAL,False,,,,,NOT_AVAILABLE,False,,,,,NOT_AVAILABLE,False,,,,,NOT_AVAILABLE,0,TRACK_ONLY,NO_COINCIDENT_SATELLITE_DATA
2023212N19090,UNNAMED,2023-08-03T00:00:00Z,23.4,83.4,25.0,990.0,TS,VAL,False,,,,,NOT_AVAILABLE,False,,,,,NOT_AVAILABLE,False,,,,,NOT_AVAILABLE,0,TRACK_ONLY,NO_COINCIDENT_SATELLITE_DATA
2023212N19090,UNNAMED,2023-08-03T03:00:00Z,23.5,83.1,25.0,992.0,TS,VAL,False,,,,,NOT_AVAILABLE,False,,,,,NOT_AVAILABLE,False,,,,,NOT_AVAILABLE,0,TRACK_ONLY,NO_COINCIDENT_SATELLITE_DATA
2023212N19090,UNNAMED,2023-08-03T06:00:00Z,23.5,83.1,20.0,993.0,TS,VAL,False,,,,,NOT_AVAILABLE,False,,,,,NOT_AVAILABLE,False,,,,,NOT_AVAILABLE,0,TRACK_ONLY,NO_COINCIDENT_SATELLITE_DATA
2023273N16073,UNNAMED,2023-09-30T03:00:00Z,15.9,72.8,25.0,1002.0,TS,TRAIN,False,,,,,NOT_AVAILABLE,False,,,,,NOT_AVAILABLE,False,,,,,NOT_AVAILABLE,0,TRACK_ONLY,NO_COINCIDENT_SATELLITE_DATA
2023273N16073,UNNAMED,2023-09-30T06:00:00Z,16.4,73.1,25.0,1002.0,TS,TRAIN,False,,,,,NOT_AVAILABLE,False,,,,,NOT_AVAILABLE,False,,,,,NOT_AVAILABLE,0,TRACK_ONLY,NO_COINCIDENT_SATELLITE_DATA
2023273N16073,UNNAMED,2023-09-30T09:00:00Z,16.6,73.2,,,TS,TRAIN,False,,,,,NOT_AVAILABLE,False,,,,,NOT_AVAILABLE,False,,,,,NOT_AVAILABLE,0,TRACK_ONLY,NO_COINCIDENT_SATELLITE_DATA
2023273N16073,UNNAMED,2023-09-30T12:00:00Z,16.6,73.2,25.0,1002.0,TS,TRAIN,False,,,,,NOT_AVAILABLE,False,,,,,NOT_AVAILABLE,False,,,,,NOT_AVAILABLE,0,TRACK_ONLY,NO_COINCIDENT_SATELLITE_DATA
2023273N16073,UNNAMED,2023-09-30T15:00:00Z,16.7,73.3,,,TS,TRAIN,False,,,,,NOT_AVAILABLE,False,,,,,NOT_AVAILABLE,False,,,,,NOT_AVAILABLE,0,TRACK_ONLY,NO_COINCIDENT_SATELLITE_DATA
2023273N16073,UNNAMED,2023-09-30T18:00:00Z,16.8,73.5,25.0,1002.0,TS,TRAIN,False,,,,,NOT_AVAILABLE,False,,,,,NOT_AVAILABLE,False,,,,,NOT_AVAILABLE,0,TRACK_ONLY,NO_COINCIDENT_SATELLITE_DATA
2023273N16073,UNNAMED,2023-09-30T21:00:00Z,16.9,73.7,,,TS,TRAIN,False,,,,,NOT_AVAILABLE,False,,,,,NOT_AVAILABLE,False,,,,,NOT_AVAILABLE,0,TRACK_ONLY,NO_COINCIDENT_SATELLITE_DATA
2023273N16073,UNNAMED,2023-10-01T00:00:00Z,17.0,74.0,25.0,1003.0,TS,TRAIN,False,,,,,NOT_AVAILABLE,False,,,,,NOT_AVAILABLE,False,,,,,NOT_AVAILABLE,0,TRACK_ONLY,NO_COINCIDENT_SATELLITE_DATA
2023292N11063,TEJ,2023-10-19T06:00:00Z,10.7,62.6,15.0,1010.0,DS,TRAIN,False,,,,,NOT_AVAILABLE,False,,,,,NOT_AVAILABLE,False,,,,,NOT_AVAILABLE,0,TRACK_ONLY,NO_COINCIDENT_SATELLITE_DATA
2023292N11063,TEJ,2023-10-19T09:00:00Z,10.4,62.5,18.0,1009.0,DS,TRAIN,False,,,,,NOT_AVAILABLE,False,,,,,NOT_AVAILABLE,False,,,,,NOT_AVAILABLE,0,TRACK_ONLY,NO_COINCIDENT_SATELLITE_DATA
2023292N11063,TEJ,2023-10-19T12:00:00Z,10.2,62.4,20.0,1007.0,DS,TRAIN,False,,,,,NOT_AVAILABLE,False,,,,,NOT_AVAILABLE,False,,,,,NOT_AVAILABLE,0,TRACK_ONLY,NO_COINCIDENT_SATELLITE_DATA
2023292N11063,TEJ,2023-10-19T15:00:00Z,10.0,62.4,23.0,1007.0,DS,TRAIN,False,,,,,NOT_AVAILABLE,False,,,,,NOT_AVAILABLE,False,,,,,NOT_AVAILABLE,0,TRACK_ONLY,NO_COINCIDENT_SATELLITE_DATA
2023292N11063,TEJ,2023-10-19T18:00:00Z,9.9,62.3,25.0,1006.0,TS,TRAIN,False,,,,,NOT_AVAILABLE,False,,,,,NOT_AVAILABLE,False,,,,,NOT_AVAILABLE,0,TRACK_ONLY,NO_COINCIDENT_SATELLITE_DATA
2023292N11063,TEJ,2023-10-19T21:00:00Z,9.7,62.2,28.0,1006.0,TS,TRAIN,False,,,,,NOT_AVAILABLE,False,,,,,NOT_AVAILABLE,False,,,,,NOT_AVAILABLE,0,TRACK_ONLY,NO_COINCIDENT_SATELLITE_DATA
2023292N11063,TEJ,2023-10-20T00:00:00Z,9.5,62.1,30.0,1006.0,TS,TRAIN,False,,,,,NOT_AVAILABLE,False,,,,,NOT_AVAILABLE,False,,,,,NOT_AVAILABLE,0,TRACK_ONLY,NO_COINCIDENT_SATELLITE_DATA
2023292N11063,TEJ,2023-10-20T03:00:00Z,9.3,61.8,25.0,1004.0,TS,TRAIN,False,,,,,NOT_AVAILABLE,False,,,,,NOT_AVAILABLE,False,,,,,NOT_AVAILABLE,0,TRACK_ONLY,NO_COINCIDENT_SATELLITE_DATA
2023292N11063,TEJ,2023-10-20T06:00:00Z,9.3,61.6,25.0,1004.0,TS,TRAIN,False,,,,,NOT_AVAILABLE,False,,,,,NOT_AVAILABLE,False,,,,,NOT_AVAILABLE,0,TRACK_ONLY,NO_COINCIDENT_SATELLITE_DATA
2023292N11063,TEJ,2023-10-20T09:00:00Z,9.3,61.3,33.0,1005.0,TS,TRAIN,False,,,,,NOT_AVAILABLE,False,,,,,NOT_AVAILABLE,False,,,,,NOT_AVAILABLE,0,TRACK_ONLY,NO_COINCIDENT_SATELLITE_DATA
2023292N11063,TEJ,2023-10-20T12:00:00Z,9.4,61.1,30.0,1003.0,TS,TRAIN,False,,,,,NOT_AVAILABLE,False,,,,,NOT_AVAILABLE,False,,,,,NOT_AVAILABLE,0,TRACK_ONLY,NO_COINCIDENT_SATELLITE_DATA
2023292N11063,TEJ,2023-10-20T15:00:00Z,9.5,60.7,38.0,1003.0,TS,TRAIN,False,,,,,NOT_AVAILABLE,False,,,,,NOT_AVAILABLE,False,,,,,NOT_AVAILABLE,0,TRACK_ONLY,NO_COINCIDENT_SATELLITE_DATA
2023292N11063,TEJ,2023-10-20T18:00:00Z,9.6,60.3,30.0,1002.0,TS,TRAIN,False,,,,,NOT_AVAILABLE,False,,,,,NOT_AVAILABLE,False,,,,,NOT_AVAILABLE,0,TRACK_ONLY,NO_COINCIDENT_SATELLITE_DATA
2023292N11063,TEJ,2023-10-20T21:00:00Z,9.7,59.7,45.0,1000.0,TS,TRAIN,False,,,,,NOT_AVAILABLE,False,,,,,NOT_AVAILABLE,False,,,,,NOT_AVAILABLE,0,TRACK_ONLY,NO_COINCIDENT_SATELLITE_DATA
2023292N11063,TEJ,2023-10-21T00:00:00Z,9.9,59.2,35.0,1001.0,TS,TRAIN,False,,,,,NOT_AVAILABLE,False,,,,,NOT_AVAILABLE,False,,,,,NOT_AVAILABLE,0,TRACK_ONLY,NO_COINCIDENT_SATELLITE_DATA
2023292N11063,TEJ,2023-10-21T03:00:00Z,10.1,58.7,45.0,998.0,TS,TRAIN,False,,,,,NOT_AVAILABLE,False,,,,,NOT_AVAILABLE,False,,,,,NOT_AVAILABLE,0,TRACK_ONLY,NO_COINCIDENT_SATELLITE_DATA
2023292N11063,TEJ,2023-10-21T06:00:00Z,10.3,58.3,50.0,996.0,TS,TRAIN,False,,,,,NOT_AVAILABLE,False,,,,,NOT_AVAILABLE,False,,,,,NOT_AVAILABLE,0,TRACK_ONLY,NO_COINCIDENT_SATELLITE_DATA
2023292N11063,TEJ,2023-10-21T09:00:00Z,10.3,57.8,50.0,995.0,TS,TRAIN,False,,,,,NOT_AVAILABLE,False,,,,,NOT_AVAILABLE,False,,,,,NOT_AVAILABLE,0,TRACK_ONLY,NO_COINCIDENT_SATELLITE_DATA
2023292N11063,TEJ,2023-10-21T12:00:00Z,10.7,57.4,55.0,992.0,TS,TRAIN,False,,,,,NOT_AVAILABLE,False,,,,,NOT_AVAILABLE,False,,,,,NOT_AVAILABLE,0,TRACK_ONLY,NO_COINCIDENT_SATELLITE_DATA
2023292N11063,TEJ,2023-10-21T15:00:00Z,11.1,57.0,65.0,988.0,TS,TRAIN,False,,,,,NOT_AVAILABLE,False,,,,,NOT_AVAILABLE,False,,,,,NOT_AVAILABLE,0,TRACK_ONLY,NO_COINCIDENT_SATELLITE_DATA
2023292N11063,TEJ,2023-10-21T18:00:00Z,11.4,56.6,75.0,980.0,TS,TRAIN,False,,,,,NOT_AVAILABLE,False,,,,,NOT_AVAILABLE,False,,,,,NOT_AVAILABLE,0,TRACK_ONLY,NO_COINCIDENT_SATELLITE_DATA
2023292N11063,TEJ,2023-10-21T21:00:00Z,11.7,56.1,80.0,976.0,TS,TRAIN,False,,,,,NOT_AVAILABLE,False,,,,,NOT_AVAILABLE,False,,,,,NOT_AVAILABLE,0,TRACK_ONLY,NO_COINCIDENT_SATELLITE_DATA
2023292N11063,TEJ,2023-10-22T00:00:00Z,12.1,55.9,85.0,972.0,TS,TRAIN,False,,,,,NOT_AVAILABLE,False,,,,,NOT_AVAILABLE,False,,,,,NOT_AVAILABLE,0,TRACK_ONLY,NO_COINCIDENT_SATELLITE_DATA
2023292N11063,TEJ,2023-10-22T03:00:00Z,12.4,55.4,95.0,964.0,TS,TRAIN,False,,,,,NOT_AVAILABLE,False,,,,,NOT_AVAILABLE,False,,,,,NOT_AVAILABLE,0,TRACK_ONLY,NO_COINCIDENT_SATELLITE_DATA
2023292N11063,TEJ,2023-10-22T06:00:00Z,12.7,55.1,95.0,964.0,TS,TRAIN,False,,,,,NOT_AVAILABLE,False,,,,,NOT_AVAILABLE,False,,,,,NOT_AVAILABLE,0,TRACK_ONLY,NO_COINCIDENT_SATELLITE_DATA
2023292N11063,TEJ,2023-10-22T09:00:00Z,13.0,54.7,95.0,964.0,TS,TRAIN,False,,,,,NOT_AVAILABLE,False,,,,,NOT_AVAILABLE,False,,,,,NOT_AVAILABLE,0,TRACK_ONLY,NO_COINCIDENT_SATELLITE_DATA
2023292N11063,TEJ,2023-10-22T12:00:00Z,13.4,54.4,95.0,964.0,TS,TRAIN,False,,,,,NOT_AVAILABLE,False,,,,,NOT_AVAILABLE,False,,,,,NOT_AVAILABLE,0,TRACK_ONLY,NO_COINCIDENT_SATELLITE_DATA
2023292N11063,TEJ,2023-10-22T15:00:00Z,13.6,54.1,95.0,964.0,TS,TRAIN,False,,,,,NOT_AVAILABLE,False,,,,,NOT_AVAILABLE,False,,,,,NOT_AVAILABLE,0,TRACK_ONLY,NO_COINCIDENT_SATELLITE_DATA
2023292N11063,TEJ,2023-10-22T18:00:00Z,13.9,53.9,95.0,964.0,TS,TRAIN,False,,,,,NOT_AVAILABLE,False,,,,,NOT_AVAILABLE,False,,,,,NOT_AVAILABLE,0,TRACK_ONLY,NO_COINCIDENT_SATELLITE_DATA
2023292N11063,TEJ,2023-10-22T21:00:00Z,14.1,53.5,95.0,966.0,TS,TRAIN,False,,,,,NOT_AVAILABLE,False,,,,,NOT_AVAILABLE,False,,,,,NOT_AVAILABLE,0,TRACK_ONLY,NO_COINCIDENT_SATELLITE_DATA
2023292N11063,TEJ,2023-10-23T00:00:00Z,14.3,53.4,90.0,968.0,TS,TRAIN,False,,,,,NOT_AVAILABLE,False,,,,,NOT_AVAILABLE,False,,,,,NOT_AVAILABLE,0,TRACK_ONLY,NO_COINCIDENT_SATELLITE_DATA
2023292N11063,TEJ,2023-10-23T03:00:00Z,14.6,53.1,85.0,972.0,TS,TRAIN,False,,,,,NOT_AVAILABLE,False,,,,,NOT_AVAILABLE,False,,,,,NOT_AVAILABLE,0,TRACK_ONLY,NO_COINCIDENT_SATELLITE_DATA
2023292N11063,TEJ,2023-10-23T06:00:00Z,14.9,52.9,80.0,976.0,TS,TRAIN,False,,,,,NOT_AVAILABLE,False,,,,,NOT_AVAILABLE,False,,,,,NOT_AVAILABLE,0,TRACK_ONLY,NO_COINCIDENT_SATELLITE_DATA
2023292N11063,TEJ,2023-10-23T09:00:00Z,15.1,52.7,80.0,978.0,TS,TRAIN,False,,,,,NOT_AVAILABLE,False,,,,,NOT_AVAILABLE,False,,,,,NOT_AVAILABLE,0,TRACK_ONLY,NO_COINCIDENT_SATELLITE_DATA
2023292N11063,TEJ,2023-10-23T12:00:00Z,15.4,52.7,75.0,981.0,TS,TRAIN,False,,,,,NOT_AVAILABLE,False,,,,,NOT_AVAILABLE,False,,,,,NOT_AVAILABLE,0,TRACK_ONLY,NO_COINCIDENT_SATELLITE_DATA
2023292N11063,TEJ,2023-10-23T15:00:00Z,15.6,52.5,70.0,984.0,TS,TRAIN,False,,,,,NOT_AVAILABLE,False,,,,,NOT_AVAILABLE,False,,,,,NOT_AVAILABLE,0,TRACK_ONLY,NO_COINCIDENT_SATELLITE_DATA
2023292N11063,TEJ,2023-10-23T18:00:00Z,15.8,52.3,70.0,986.0,TS,TRAIN,False,,,,,NOT_AVAILABLE,False,,,,,NOT_AVAILABLE,False,,,,,NOT_AVAILABLE,0,TRACK_ONLY,NO_COINCIDENT_SATELLITE_DATA
2023292N11063,TEJ,2023-10-23T21:00:00Z,15.8,52.3,65.0,988.0,TS,TRAIN,False,,,,,NOT_AVAILABLE,False,,,,,NOT_AVAILABLE,False,,,,,NOT_AVAILABLE,0,TRACK_ONLY,NO_COINCIDENT_SATELLITE_DATA
2023292N11063,TEJ,2023-10-24T00:00:00Z,15.9,52.3,60.0,990.0,TS,TRAIN,False,,,,,NOT_AVAILABLE,False,,,,,NOT_AVAILABLE,False,,,,,NOT_AVAILABLE,0,TRACK_ONLY,NO_COINCIDENT_SATELLITE_DATA
2023292N11063,TEJ,2023-10-24T03:00:00Z,15.8,51.9,50.0,996.0,TS,TRAIN,False,,,,,NOT_AVAILABLE,False,,,,,NOT_AVAILABLE,False,,,,,NOT_AVAILABLE,0,TRACK_ONLY,NO_COINCIDENT_SATELLITE_DATA
2023292N11063,TEJ,2023-10-24T06:00:00Z,15.9,51.6,40.0,1000.0,TS,TRAIN,False,,,,,NOT_AVAILABLE,False,,,,,NOT_AVAILABLE,False,,,,,NOT_AVAILABLE,0,TRACK_ONLY,NO_COINCIDENT_SATELLITE_DATA
2023292N11063,TEJ,2023-10-24T09:00:00Z,16.1,51.4,30.0,1002.0,TS,TRAIN,False,,,,,NOT_AVAILABLE,False,,,,,NOT_AVAILABLE,False,,,,,NOT_AVAILABLE,0,TRACK_ONLY,NO_COINCIDENT_SATELLITE_DATA
2023292N11063,TEJ,2023-10-24T12:00:00Z,16.4,51.3,25.0,1004.0,MX,TRAIN,False,,,,,NOT_AVAILABLE,False,,,,,NOT_AVAILABLE,False,,,,,NOT_AVAILABLE,0,TRACK_ONLY,NO_COINCIDENT_SATELLITE_DATA
2023293N12089,HAMOON,2023-10-20T06:00:00Z,12.4,88.6,15.0,1010.0,DS,TRAIN,False,,,,,NOT_AVAILABLE,False,,,,,NOT_AVAILABLE,False,,,,,NOT_AVAILABLE,0,TRACK_ONLY,NO_COINCIDENT_SATELLITE_DATA
2023293N12089,HAMOON,2023-10-20T09:00:00Z,12.6,88.5,15.0,1010.0,DS,TRAIN,False,,,,,NOT_AVAILABLE,False,,,,,NOT_AVAILABLE,False,,,,,NOT_AVAILABLE,0,TRACK_ONLY,NO_COINCIDENT_SATELLITE_DATA
2023293N12089,HAMOON,2023-10-20T12:00:00Z,12.7,88.4,15.0,1010.0,DS,TRAIN,False,,,,,NOT_AVAILABLE,False,,,,,NOT_AVAILABLE,False,,,,,NOT_AVAILABLE,0,TRACK_ONLY,NO_COINCIDENT_SATELLITE_DATA
2023293N12089,HAMOON,2023-10-20T15:00:00Z,12.7,88.2,15.0,,DS,TRAIN,False,,,,,NOT_AVAILABLE,False,,,,,NOT_AVAILABLE,False,,,,,NOT_AVAILABLE,0,TRACK_ONLY,NO_COINCIDENT_SATELLITE_DATA
2023293N12089,HAMOON,2023-10-20T18:00:00Z,12.8,88.0,15.0,,DS,TRAIN,False,,,,,NOT_AVAILABLE,False,,,,,NOT_AVAILABLE,False,,,,,NOT_AVAILABLE,0,TRACK_ONLY,NO_COINCIDENT_SATELLITE_DATA
2023293N12089,HAMOON,2023-10-20T21:00:00Z,13.0,87.8,15.0,,DS,TRAIN,False,,,,,NOT_AVAILABLE,False,,,,,NOT_AVAILABLE,False,,,,,NOT_AVAILABLE,0,TRACK_ONLY,NO_COINCIDENT_SATELLITE_DATA
2023293N12089,HAMOON,2023-10-21T00:00:00Z,13.2,87.5,15.0,,DS,TRAIN,False,,,,,NOT_AVAILABLE,False,,,,,NOT_AVAILABLE,False,,,,,NOT_AVAILABLE,0,TRACK_ONLY,NO_COINCIDENT_SATELLITE_DATA
2023293N12089,HAMOON,2023-10-21T03:00:00Z,13.4,87.3,18.0,,DS,TRAIN,False,,,,,NOT_AVAILABLE,False,,,,,NOT_AVAILABLE,False,,,,,NOT_AVAILABLE,0,TRACK_ONLY,NO_COINCIDENT_SATELLITE_DATA
2023293N12089,HAMOON,2023-10-21T06:00:00Z,13.6,87.1,20.0,1008.0,DS,TRAIN,False,,,,,NOT_AVAILABLE,False,,,,,NOT_AVAILABLE,False,,,,,NOT_AVAILABLE,0,TRACK_ONLY,NO_COINCIDENT_SATELLITE_DATA
2023293N12089,HAMOON,2023-10-21T09:00:00Z,14.1,86.5,23.0,1007.0,DS,TRAIN,False,,,,,NOT_AVAILABLE,False,,,,,NOT_AVAILABLE,False,,,,,NOT_AVAILABLE,0,TRACK_ONLY,NO_COINCIDENT_SATELLITE_DATA
2023293N12089,HAMOON,2023-10-21T12:00:00Z,14.6,86.0,25.0,1005.0,TS,TRAIN,False,,,,,NOT_AVAILABLE,False,,,,,NOT_AVAILABLE,False,,,,,NOT_AVAILABLE,0,TRACK_ONLY,NO_COINCIDENT_SATELLITE_DATA
2023293N12089,HAMOON,2023-10-21T15:00:00Z,15.0,85.8,25.0,1003.0,TS,TRAIN,False,,,,,NOT_AVAILABLE,False,,,,,NOT_AVAILABLE,False,,,,,NOT_AVAILABLE,0,TRACK_ONLY,NO_COINCIDENT_SATELLITE_DATA
2023293N12089,HAMOON,2023-10-21T18:00:00Z,15.1,86.0,25.0,1003.0,TS,TRAIN,False,,,,,NOT_AVAILABLE,False,,,,,NOT_AVAILABLE,False,,,,,NOT_AVAILABLE,0,TRACK_ONLY,NO_COINCIDENT_SATELLITE_DATA
2023293N12089,HAMOON,2023-10-21T21:00:00Z,15.2,86.1,25.0,1003.0,TS,TRAIN,False,,,,,NOT_AVAILABLE,False,,,,,NOT_AVAILABLE,False,,,,,NOT_AVAILABLE,0,TRACK_ONLY,NO_COINCIDENT_SATELLITE_DATA
2023293N12089,HAMOON,2023-10-22T00:00:00Z,15.2,86.2,25.0,1003.0,TS,TRAIN,False,,,,,NOT_AVAILABLE,False,,,,,NOT_AVAILABLE,False,,,,,NOT_AVAILABLE,0,TRACK_ONLY,NO_COINCIDENT_SATELLITE_DATA
2023293N12089,HAMOON,2023-10-22T03:00:00Z,15.3,86.2,25.0,1003.0,TS,TRAIN,False,,,,,NOT_AVAILABLE,False,,,,,NOT_AVAILABLE,False,,,,,NOT_AVAILABLE,0,TRACK_ONLY,NO_COINCIDENT_SATELLITE_DATA
2023293N12089,HAMOON,2023-10-22T06:00:00Z,15.5,86.3,25.0,1003.0,TS,TRAIN,False,,,,,NOT_AVAILABLE,False,,,,,NOT_AVAILABLE,False,,,,,NOT_AVAILABLE,0,TRACK_ONLY,NO_COINCIDENT_SATELLITE_DATA
2023293N12089,HAMOON,2023-10-22T09:00:00Z,15.7,86.4,25.0,1002.0,TS,TRAIN,False,,,,,NOT_AVAILABLE,False,,,,,NOT_AVAILABLE,False,,,,,NOT_AVAILABLE,0,TRACK_ONLY,NO_COINCIDENT_SATELLITE_DATA
2023293N12089,HAMOON,2023-10-22T12:00:00Z,15.9,86.6,30.0,1001.0,TS,TRAIN,False,,,,,NOT_AVAILABLE,False,,,,,NOT_AVAILABLE,False,,,,,NOT_AVAILABLE,0,TRACK_ONLY,NO_COINCIDENT_SATELLITE_DATA
2023293N12089,HAMOON,2023-10-22T15:00:00Z,16.2,86.7,30.0,1001.0,TS,TRAIN,False,,,,,NOT_AVAILABLE,False,,,,,NOT_AVAILABLE,False,,,,,NOT_AVAILABLE,0,TRACK_ONLY,NO_COINCIDENT_SATELLITE_DATA
2023293N12089,HAMOON,2023-10-22T18:00:00Z,16.2,86.8,30.0,1001.0,TS,TRAIN,False,,,,,NOT_AVAILABLE,False,,,,,NOT_AVAILABLE,False,,,,,NOT_AVAILABLE,0,TRACK_ONLY,NO_COINCIDENT_SATELLITE_DATA
2023293N12089,HAMOON,2023-10-22T21:00:00Z,16.4,86.8,30.0,1001.0,TS,TRAIN,False,,,,,NOT_AVAILABLE,False,,,,,NOT_AVAILABLE,False,,,,,NOT_AVAILABLE,0,TRACK_ONLY,NO_COINCIDENT_SATELLITE_DATA
2023293N12089,HAMOON,2023-10-23T00:00:00Z,16.8,86.9,30.0,1001.0,TS,TRAIN,False,,,,,NOT_AVAILABLE,False,,,,,NOT_AVAILABLE,False,,,,,NOT_AVAILABLE,0,TRACK_ONLY,NO_COINCIDENT_SATELLITE_DATA
2023293N12089,HAMOON,2023-10-23T03:00:00Z,17.1,86.9,30.0,1001.0,TS,TRAIN,False,,,,,NOT_AVAILABLE,False,,,,,NOT_AVAILABLE,False,,,,,NOT_AVAILABLE,0,TRACK_ONLY,NO_COINCIDENT_SATELLITE_DATA
2023293N12089,HAMOON,2023-10-23T06:00:00Z,17.5,87.0,30.0,1000.0,TS,TRAIN,False,,,,,NOT_AVAILABLE,False,,,,,NOT_AVAILABLE,False,,,,,NOT_AVAILABLE,0,TRACK_ONLY,NO_COINCIDENT_SATELLITE_DATA
2023293N12089,HAMOON,2023-10-23T09:00:00Z,17.9,87.2,30.0,1000.0,TS,TRAIN,False,,,,,NOT_AVAILABLE,False,,,,,NOT_AVAILABLE,False,,,,,NOT_AVAILABLE,0,TRACK_ONLY,NO_COINCIDENT_SATELLITE_DATA
2023293N12089,HAMOON,2023-10-23T12:00:00Z,18.4,87.4,35.0,999.0,TS,TRAIN,False,,,,,NOT_AVAILABLE,False,,,,,NOT_AVAILABLE,False,,,,,NOT_AVAILABLE,0,TRACK_ONLY,NO_COINCIDENT_SATELLITE_DATA
2023293N12089,HAMOON,2023-10-23T15:00:00Z,18.8,87.8,40.0,998.0,TS,TRAIN,False,,,,,NOT_AVAILABLE,False,,,,,NOT_AVAILABLE,False,,,,,NOT_AVAILABLE,0,TRACK_ONLY,NO_COINCIDENT_SATELLITE_DATA
2023293N12089,HAMOON,2023-10-23T18:00:00Z,19.2,88.2,40.0,998.0,TS,TRAIN,False,,,,,NOT_AVAILABLE,False,,,,,NOT_AVAILABLE,False,,,,,NOT_AVAILABLE,0,TRACK_ONLY,NO_COINCIDENT_SATELLITE_DATA
2023293N12089,HAMOON,2023-10-23T21:00:00Z,19.4,88.6,50.0,994.0,TS,TRAIN,False,,,,,NOT_AVAILABLE,False,,,,,NOT_AVAILABLE,False,,,,,NOT_AVAILABLE,0,TRACK_ONLY,NO_COINCIDENT_SATELLITE_DATA
2023293N12089,HAMOON,2023-10-24T00:00:00Z,19.7,89.0,55.0,990.0,TS,TRAIN,False,,,,,NOT_AVAILABLE,False,,,,,NOT_AVAILABLE,False,,,,,NOT_AVAILABLE,0,TRACK_ONLY,NO_COINCIDENT_SATELLITE_DATA
2023293N12089,HAMOON,2023-10-24T03:00:00Z,20.0,89.6,65.0,984.0,TS,TRAIN,False,,,,,NOT_AVAILABLE,False,,,,,NOT_AVAILABLE,False,,,,,NOT_AVAILABLE,0,TRACK_ONLY,NO_COINCIDENT_SATELLITE_DATA
2023293N12089,HAMOON,2023-10-24T06:00:00Z,20.3,90.2,65.0,985.0,TS,TRAIN,False,,,,,NOT_AVAILABLE,False,,,,,NOT_AVAILABLE,False,,,,,NOT_AVAILABLE,0,TRACK_ONLY,NO_COINCIDENT_SATELLITE_DATA
2023293N12089,HAMOON,2023-10-24T09:00:00Z,20.7,90.8,65.0,986.0,TS,TRAIN,False,,,,,NOT_AVAILABLE,False,,,,,NOT_AVAILABLE,False,,,,,NOT_AVAILABLE,0,TRACK_ONLY,NO_COINCIDENT_SATELLITE_DATA
2023293N12089,HAMOON,2023-10-24T12:00:00Z,21.0,91.2,55.0,988.0,TS,TRAIN,False,,,,,NOT_AVAILABLE,False,,,,,NOT_AVAILABLE,False,,,,,NOT_AVAILABLE,0,TRACK_ONLY,NO_COINCIDENT_SATELLITE_DATA
2023293N12089,HAMOON,2023-10-24T15:00:00Z,20.9,91.0,55.0,990.0,TS,TRAIN,False,,,,,NOT_AVAILABLE,False,,,,,NOT_AVAILABLE,False,,,,,NOT_AVAILABLE,0,TRACK_ONLY,NO_COINCIDENT_SATELLITE_DATA
2023293N12089,HAMOON,2023-10-24T18:00:00Z,20.9,90.8,50.0,994.0,TS,TRAIN,False,,,,,NOT_AVAILABLE,False,,,,,NOT_AVAILABLE,False,,,,,NOT_AVAILABLE,0,TRACK_ONLY,NO_COINCIDENT_SATELLITE_DATA
2023293N12089,HAMOON,2023-10-24T21:00:00Z,21.5,91.5,45.0,996.0,TS,TRAIN,False,,,,,NOT_AVAILABLE,False,,,,,NOT_AVAILABLE,False,,,,,NOT_AVAILABLE,0,TRACK_ONLY,NO_COINCIDENT_SATELLITE_DATA
2023293N12089,HAMOON,2023-10-25T00:00:00Z,22.2,92.2,35.0,999.0,TS,TRAIN,False,,,,,NOT_AVAILABLE,False,,,,,NOT_AVAILABLE,False,,,,,NOT_AVAILABLE,0,TRACK_ONLY,NO_COINCIDENT_SATELLITE_DATA
2023293N12089,HAMOON,2023-10-25T03:00:00Z,22.5,92.4,30.0,1003.0,TS,TRAIN,False,,,,,NOT_AVAILABLE,False,,,,,NOT_AVAILABLE,False,,,,,NOT_AVAILABLE,0,TRACK_ONLY,NO_COINCIDENT_SATELLITE_DATA
2023293N12089,HAMOON,2023-10-25T06:00:00Z,22.7,92.5,25.0,1004.0,TS,TRAIN,False,,,,,NOT_AVAILABLE,False,,,,,NOT_AVAILABLE,False,,,,,NOT_AVAILABLE,0,TRACK_ONLY,NO_COINCIDENT_SATELLITE_DATA
2023317N10094,MIDHILI,2023-11-13T06:00:00Z,9.9,94.1,15.0,1010.0,DS,TRAIN,False,,,,,NOT_AVAILABLE,False,,,,,NOT_AVAILABLE,False,,,,,NOT_AVAILABLE,0,TRACK_ONLY,NO_COINCIDENT_SATELLITE_DATA
2023317N10094,MIDHILI,2023-11-13T09:00:00Z,10.4,93.9,18.0,1009.0,DS,TRAIN,False,,,,,NOT_AVAILABLE,False,,,,,NOT_AVAILABLE,False,,,,,NOT_AVAILABLE,0,TRACK_ONLY,NO_COINCIDENT_SATELLITE_DATA
2023317N10094,MIDHILI,2023-11-13T12:00:00Z,10.9,93.4,20.0,1007.0,DS,TRAIN,False,,,,,NOT_AVAILABLE,False,,,,,NOT_AVAILABLE,False,,,,,NOT_AVAILABLE,0,TRACK_ONLY,NO_COINCIDENT_SATELLITE_DATA
2023317N10094,MIDHILI,2023-11-13T15:00:00Z,11.4,92.6,20.0,1007.0,DS,TRAIN,False,,,,,NOT_AVAILABLE,False,,,,,NOT_AVAILABLE,False,,,,,NOT_AVAILABLE,0,TRACK_ONLY,NO_COINCIDENT_SATELLITE_DATA
2023317N10094,MIDHILI,2023-11-13T18:00:00Z,11.8,91.7,20.0,1006.0,DS,TRAIN,False,,,,,NOT_AVAILABLE,False,,,,,NOT_AVAILABLE,False,,,,,NOT_AVAILABLE,0,TRACK_ONLY,NO_COINCIDENT_SATELLITE_DATA
2023317N10094,MIDHILI,2023-11-13T21:00:00Z,12.1,91.1,20.0,1006.0,DS,TRAIN,False,,,,,NOT_AVAILABLE,False,,,,,NOT_AVAILABLE,False,,,,,NOT_AVAILABLE,0,TRACK_ONLY,NO_COINCIDENT_SATELLITE_DATA
2023317N10094,MIDHILI,2023-11-14T00:00:00Z,12.4,90.6,20.0,1006.0,DS,TRAIN,False,,,,,NOT_AVAILABLE,False,,,,,NOT_AVAILABLE,False,,,,,NOT_AVAILABLE,0,TRACK_ONLY,NO_COINCIDENT_SATELLITE_DATA
2023317N10094,MIDHILI,2023-11-14T03:00:00Z,12.7,90.0,20.0,1006.0,DS,TRAIN,False,,,,,NOT_AVAILABLE,False,,,,,NOT_AVAILABLE,False,,,,,NOT_AVAILABLE,0,TRACK_ONLY,NO_COINCIDENT_SATELLITE_DATA
2023317N10094,MIDHILI,2023-11-14T06:00:00Z,12.9,89.4,20.0,1006.0,DS,TRAIN,False,,,,,NOT_AVAILABLE,False,,,,,NOT_AVAILABLE,False,,,,,NOT_AVAILABLE,0,TRACK_ONLY,NO_COINCIDENT_SATELLITE_DATA
2023317N10094,MIDHILI,2023-11-14T09:00:00Z,13.2,88.6,20.0,1006.0,DS,TRAIN,False,,,,,NOT_AVAILABLE,False,,,,,NOT_AVAILABLE,False,,,,,NOT_AVAILABLE,0,TRACK_ONLY,NO_COINCIDENT_SATELLITE_DATA
2023317N10094,MIDHILI,2023-11-14T12:00:00Z,13.4,87.9,20.0,1005.0,DS,TRAIN,False,,,,,NOT_AVAILABLE,False,,,,,NOT_AVAILABLE,False,,,,,NOT_AVAILABLE,0,TRACK_ONLY,NO_COINCIDENT_SATELLITE_DATA
2023317N10094,MIDHILI,2023-11-14T15:00:00Z,13.5,87.4,20.0,1005.0,DS,TRAIN,False,,,,,NOT_AVAILABLE,False,,,,,NOT_AVAILABLE,False,,,,,NOT_AVAILABLE,0,TRACK_ONLY,NO_COINCIDENT_SATELLITE_DATA
2023317N10094,MIDHILI,2023-11-14T18:00:00Z,13.6,87.1,20.0,1005.0,DS,TRAIN,False,,,,,NOT_AVAILABLE,False,,,,,NOT_AVAILABLE,False,,,,,NOT_AVAILABLE,0,TRACK_ONLY,NO_COINCIDENT_SATELLITE_DATA
2023317N10094,MIDHILI,2023-11-14T21:00:00Z,13.6,86.7,20.0,1005.0,DS,TRAIN,False,,,,,NOT_AVAILABLE,False,,,,,NOT_AVAILABLE,False,,,,,NOT_AVAILABLE,0,TRACK_ONLY,NO_COINCIDENT_SATELLITE_DATA
2023317N10094,MIDHILI,2023-11-15T00:00:00Z,13.8,86.5,20.0,1004.0,DS,TRAIN,False,,,,,NOT_AVAILABLE,False,,,,,NOT_AVAILABLE,False,,,,,NOT_AVAILABLE,0,TRACK_ONLY,NO_COINCIDENT_SATELLITE_DATA
2023317N10094,MIDHILI,2023-11-15T03:00:00Z,14.3,86.6,25.0,1005.0,MX,TRAIN,False,,,,,NOT_AVAILABLE,False,,,,,NOT_AVAILABLE,False,,,,,NOT_AVAILABLE,0,TRACK_ONLY,NO_COINCIDENT_SATELLITE_DATA
2023317N10094,MIDHILI,2023-11-15T06:00:00Z,14.8,86.7,25.0,1005.0,MX,TRAIN,False,,,,,NOT_AVAILABLE,False,,,,,NOT_AVAILABLE,False,,,,,NOT_AVAILABLE,0,TRACK_ONLY,NO_COINCIDENT_SATELLITE_DATA
2023317N10094,MIDHILI,2023-11-15T09:00:00Z,15.1,86.7,20.0,1003.0,MX,TRAIN,False,,,,,NOT_AVAILABLE,False,,,,,NOT_AVAILABLE,False,,,,,NOT_AVAILABLE,0,TRACK_ONLY,NO_COINCIDENT_SATELLITE_DATA
2023317N10094,MIDHILI,2023-11-15T12:00:00Z,15.4,86.7,25.0,1004.0,MX,TRAIN,False,,,,,NOT_AVAILABLE,False,,,,,NOT_AVAILABLE,False,,,,,NOT_AVAILABLE,0,TRACK_ONLY,NO_COINCIDENT_SATELLITE_DATA
2023317N10094,MIDHILI,2023-11-15T15:00:00Z,15.7,86.6,23.0,1001.0,MX,TRAIN,False,,,,,NOT_AVAILABLE,False,,,,,NOT_AVAILABLE,False,,,,,NOT_AVAILABLE,0,TRACK_ONLY,NO_COINCIDENT_SATELLITE_DATA
2023317N10094,MIDHILI,2023-11-15T18:00:00Z,16.1,86.7,25.0,1004.0,TS,TRAIN,False,,,,,NOT_AVAILABLE,False,,,,,NOT_AVAILABLE,False,,,,,NOT_AVAILABLE,0,TRACK_ONLY,NO_COINCIDENT_SATELLITE_DATA
2023317N10094,MIDHILI,2023-11-15T21:00:00Z,16.6,86.8,28.0,999.0,TS,TRAIN,False,,,,,NOT_AVAILABLE,False,,,,,NOT_AVAILABLE,False,,,,,NOT_AVAILABLE,0,TRACK_ONLY,NO_COINCIDENT_SATELLITE_DATA
2023317N10094,MIDHILI,2023-11-16T00:00:00Z,17.2,87.0,30.0,1003.0,TS,TRAIN,False,,,,,NOT_AVAILABLE,False,,,,,NOT_AVAILABLE,False,,,,,NOT_AVAILABLE,0,TRACK_ONLY,NO_COINCIDENT_SATELLITE_DATA
2023317N10094,MIDHILI,2023-11-16T03:00:00Z,17.5,87.1,30.0,1003.0,TS,TRAIN,False,,,,,NOT_AVAILABLE,False,,,,,NOT_AVAILABLE,False,,,,,NOT_AVAILABLE,0,TRACK_ONLY,NO_COINCIDENT_SATELLITE_DATA
2023317N10094,MIDHILI,2023-11-16T06:00:00Z,17.9,87.3,30.0,1003.0,TS,TRAIN,False,,,,,NOT_AVAILABLE,False,,,,,NOT_AVAILABLE,False,,,,,NOT_AVAILABLE,0,TRACK_ONLY,NO_COINCIDENT_SATELLITE_DATA
2023317N10094,MIDHILI,2023-11-16T09:00:00Z,18.3,87.5,28.0,999.0,TS,TRAIN,False,,,,,NOT_AVAILABLE,False,,,,,NOT_AVAILABLE,False,,,,,NOT_AVAILABLE,0,TRACK_ONLY,NO_COINCIDENT_SATELLITE_DATA
2023317N10094,MIDHILI,2023-11-16T12:00:00Z,18.6,87.6,30.0,1003.0,TS,TRAIN,False,,,,,NOT_AVAILABLE,False,,,,,NOT_AVAILABLE,False,,,,,NOT_AVAILABLE,0,TRACK_ONLY,NO_COINCIDENT_SATELLITE_DATA
2023317N10094,MIDHILI,2023-11-16T15:00:00Z,18.8,87.9,30.0,999.0,TS,TRAIN,False,,,,,NOT_AVAILABLE,False,,,,,NOT_AVAILABLE,False,,,,,NOT_AVAILABLE,0,TRACK_ONLY,NO_COINCIDENT_SATELLITE_DATA
2023317N10094,MIDHILI,2023-11-16T18:00:00Z,19.2,88.1,30.0,1002.0,TS,TRAIN,False,,,,,NOT_AVAILABLE,False,,,,,NOT_AVAILABLE,False,,,,,NOT_AVAILABLE,0,TRACK_ONLY,NO_COINCIDENT_SATELLITE_DATA
2023317N10094,MIDHILI,2023-11-16T21:00:00Z,19.6,88.3,33.0,998.0,TS,TRAIN,False,,,,,NOT_AVAILABLE,False,,,,,NOT_AVAILABLE,False,,,,,NOT_AVAILABLE,0,TRACK_ONLY,NO_COINCIDENT_SATELLITE_DATA
2023317N10094,MIDHILI,2023-11-17T00:00:00Z,20.2,88.7,35.0,1001.0,TS,TRAIN,False,,,,,NOT_AVAILABLE,False,,,,,NOT_AVAILABLE,False,,,,,NOT_AVAILABLE,0,TRACK_ONLY,NO_COINCIDENT_SATELLITE_DATA
2023317N10094,MIDHILI,2023-11-17T03:00:00Z,20.8,89.2,40.0,1000.0,TS,TRAIN,False,,,,,NOT_AVAILABLE,False,,,,,NOT_AVAILABLE,False,,,,,NOT_AVAILABLE,0,TRACK_ONLY,NO_COINCIDENT_SATELLITE_DATA
2023317N10094,MIDHILI,2023-11-17T06:00:00Z,21.4,89.7,45.0,998.0,TS,TRAIN,False,,,,,NOT_AVAILABLE,False,,,,,NOT_AVAILABLE,False,,,,,NOT_AVAILABLE,0,TRACK_ONLY,NO_COINCIDENT_SATELLITE_DATA
2023317N10094,MIDHILI,2023-11-17T09:00:00Z,22.1,90.3,50.0,996.0,TS,TRAIN,False,,,,,NOT_AVAILABLE,False,,,,,NOT_AVAILABLE,False,,,,,NOT_AVAILABLE,0,TRACK_ONLY,NO_COINCIDENT_SATELLITE_DATA
2023317N10094,MIDHILI,2023-11-17T12:00:00Z,23.0,91.0,40.0,998.0,TS,TRAIN,False,,,,,NOT_AVAILABLE,False,,,,,NOT_AVAILABLE,False,,,,,NOT_AVAILABLE,0,TRACK_ONLY,NO_COINCIDENT_SATELLITE_DATA
2023317N10094,MIDHILI,2023-11-17T15:00:00Z,23.3,91.2,35.0,1000.0,TS,TRAIN,False,,,,,NOT_AVAILABLE,False,,,,,NOT_AVAILABLE,False,,,,,NOT_AVAILABLE,0,TRACK_ONLY,NO_COINCIDENT_SATELLITE_DATA
2023317N10094,MIDHILI,2023-11-17T18:00:00Z,23.4,91.4,30.0,1003.0,TS,TRAIN,False,,,,,NOT_AVAILABLE,False,,,,,NOT_AVAILABLE,False,,,,,NOT_AVAILABLE,0,TRACK_ONLY,NO_COINCIDENT_SATELLITE_DATA
2023317N10094,MIDHILI,2023-11-17T21:00:00Z,23.5,91.5,,,TS,TRAIN,False,,,,,NOT_AVAILABLE,False,,,,,NOT_AVAILABLE,False,,,,,NOT_AVAILABLE,0,TRACK_ONLY,NO_COINCIDENT_SATELLITE_DATA
2023317N10094,MIDHILI,2023-11-18T00:00:00Z,23.7,91.7,20.0,1005.0,TS,TRAIN,False,,,,,NOT_AVAILABLE,False,,,,,NOT_AVAILABLE,False,,,,,NOT_AVAILABLE,0,TRACK_ONLY,NO_COINCIDENT_SATELLITE_DATA
2023334N08088,MICHAUNG,2023-11-30T06:00:00Z,7.5,88.0,15.0,1008.0,DS,TRAIN,False,,,,,NOT_AVAILABLE,False,,,,,NOT_AVAILABLE,False,,,,,NOT_AVAILABLE,0,TRACK_ONLY,NO_COINCIDENT_SATELLITE_DATA
2023334N08088,MICHAUNG,2023-11-30T09:00:00Z,7.9,87.6,15.0,1008.0,DS,TRAIN,False,,,,,NOT_AVAILABLE,False,,,,,NOT_AVAILABLE,False,,,,,NOT_AVAILABLE,0,TRACK_ONLY,NO_COINCIDENT_SATELLITE_DATA
2023334N08088,MICHAUNG,2023-11-30T12:00:00Z,8.2,87.2,15.0,1008.0,DS,TRAIN,False,,,,,NOT_AVAILABLE,False,,,,,NOT_AVAILABLE,False,,,,,NOT_AVAILABLE,0,TRACK_ONLY,NO_COINCIDENT_SATELLITE_DATA
2023334N08088,MICHAUNG,2023-11-30T15:00:00Z,8.3,86.8,15.0,1009.0,DS,TRAIN,False,,,,,NOT_AVAILABLE,False,,,,,NOT_AVAILABLE,False,,,,,NOT_AVAILABLE,0,TRACK_ONLY,NO_COINCIDENT_SATELLITE_DATA
2023334N08088,MICHAUNG,2023-11-30T18:00:00Z,8.4,86.4,15.0,1009.0,DS,TRAIN,False,,,,,NOT_AVAILABLE,False,,,,,NOT_AVAILABLE,False,,,,,NOT_AVAILABLE,0,TRACK_ONLY,NO_COINCIDENT_SATELLITE_DATA
2023334N08088,MICHAUNG,2023-11-30T21:00:00Z,8.5,86.0,15.0,1007.0,DS,TRAIN,False,,,,,NOT_AVAILABLE,False,,,,,NOT_AVAILABLE,False,,,,,NOT_AVAILABLE,0,TRACK_ONLY,NO_COINCIDENT_SATELLITE_DATA
2023334N08088,MICHAUNG,2023-12-01T00:00:00Z,8.8,85.8,20.0,1002.0,MX,TRAIN,False,,,,,NOT_AVAILABLE,False,,,,,NOT_AVAILABLE,False,,,,,NOT_AVAILABLE,0,TRACK_ONLY,NO_COINCIDENT_SATELLITE_DATA
2023334N08088,MICHAUNG,2023-12-01T03:00:00Z,9.0,85.6,20.0,1002.0,MX,TRAIN,False,,,,,NOT_AVAILABLE,False,,,,,NOT_AVAILABLE,False,,,,,NOT_AVAILABLE,0,TRACK_ONLY,NO_COINCIDENT_SATELLITE_DATA
2023334N08088,MICHAUNG,2023-12-01T06:00:00Z,9.2,85.4,25.0,1002.0,MX,TRAIN,False,,,,,NOT_AVAILABLE,False,,,,,NOT_AVAILABLE,False,,,,,NOT_AVAILABLE,0,TRACK_ONLY,NO_COINCIDENT_SATELLITE_DATA
2023334N08088,MICHAUNG,2023-12-01T09:00:00Z,9.5,85.3,18.0,1002.0,MX,TRAIN,False,,,,,NOT_AVAILABLE,False,,,,,NOT_AVAILABLE,False,,,,,NOT_AVAILABLE,0,TRACK_ONLY,NO_COINCIDENT_SATELLITE_DATA
2023334N08088,MICHAUNG,2023-12-01T12:00:00Z,9.7,85.1,25.0,1001.0,MX,TRAIN,False,,,,,NOT_AVAILABLE,False,,,,,NOT_AVAILABLE,False,,,,,NOT_AVAILABLE,0,TRACK_ONLY,NO_COINCIDENT_SATELLITE_DATA
2023334N08088,MICHAUNG,2023-12-01T15:00:00Z,9.8,85.0,23.0,1001.0,MX,TRAIN,False,,,,,NOT_AVAILABLE,False,,,,,NOT_AVAILABLE,False,,,,,NOT_AVAILABLE,0,TRACK_ONLY,NO_COINCIDENT_SATELLITE_DATA
2023334N08088,MICHAUNG,2023-12-01T18:00:00Z,9.9,84.8,25.0,1000.0,MX,TRAIN,False,,,,,NOT_AVAILABLE,False,,,,,NOT_AVAILABLE,False,,,,,NOT_AVAILABLE,0,TRACK_ONLY,NO_COINCIDENT_SATELLITE_DATA
2023334N08088,MICHAUNG,2023-12-01T21:00:00Z,9.9,84.5,25.0,1000.0,MX,TRAIN,False,,,,,NOT_AVAILABLE,False,,,,,NOT_AVAILABLE,False,,,,,NOT_AVAILABLE,0,TRACK_ONLY,NO_COINCIDENT_SATELLITE_DATA
2023334N08088,MICHAUNG,2023-12-02T00:00:00Z,10.1,84.1,30.0,998.0,MX,TRAIN,False,,,,,NOT_AVAILABLE,False,,,,,NOT_AVAILABLE,False,,,,,NOT_AVAILABLE,0,TRACK_ONLY,NO_COINCIDENT_SATELLITE_DATA
2023334N08088,MICHAUNG,2023-12-02T03:00:00Z,10.2,83.8,30.0,997.0,MX,TRAIN,False,,,,,NOT_AVAILABLE,False,,,,,NOT_AVAILABLE,False,,,,,NOT_AVAILABLE,0,TRACK_ONLY,NO_COINCIDENT_SATELLITE_DATA
2023334N08088,MICHAUNG,2023-12-02T06:00:00Z,10.3,83.6,30.0,997.0,TS,TRAIN,False,,,,,NOT_AVAILABLE,False,,,,,NOT_AVAILABLE,False,,,,,NOT_AVAILABLE,0,TRACK_ONLY,NO_COINCIDENT_SATELLITE_DATA
2023334N08088,MICHAUNG,2023-12-02T09:00:00Z,10.4,83.5,28.0,997.0,TS,TRAIN,False,,,,,NOT_AVAILABLE,False,,,,,NOT_AVAILABLE,False,,,,,NOT_AVAILABLE,0,TRACK_ONLY,NO_COINCIDENT_SATELLITE_DATA
2023334N08088,MICHAUNG,2023-12-02T12:00:00Z,10.5,83.5,30.0,997.0,TS,TRAIN,False,,,,,NOT_AVAILABLE,False,,,,,NOT_AVAILABLE,False,,,,,NOT_AVAILABLE,0,TRACK_ONLY,NO_COINCIDENT_SATELLITE_DATA
2023334N08088,MICHAUNG,2023-12-02T15:00:00Z,10.7,83.3,30.0,995.0,TS,TRAIN,False,,,,,NOT_AVAILABLE,False,,,,,NOT_AVAILABLE,False,,,,,NOT_AVAILABLE,0,TRACK_ONLY,NO_COINCIDENT_SATELLITE_DATA
2023334N08088,MICHAUNG,2023-12-02T18:00:00Z,10.8,83.1,30.0,996.0,TS,TRAIN,False,,,,,NOT_AVAILABLE,False,,,,,NOT_AVAILABLE,False,,,,,NOT_AVAILABLE,0,TRACK_ONLY,NO_COINCIDENT_SATELLITE_DATA
2023334N08088,MICHAUNG,2023-12-02T21:00:00Z,11.0,83.0,33.0,994.0,TS,TRAIN,False,,,,,NOT_AVAILABLE,False,,,,,NOT_AVAILABLE,False,,,,,NOT_AVAILABLE,0,TRACK_ONLY,NO_COINCIDENT_SATELLITE_DATA
2023334N08088,MICHAUNG,2023-12-03T00:00:00Z,11.3,82.9,35.0,995.0,TS,TRAIN,False,,,,,NOT_AVAILABLE,False,,,,,NOT_AVAILABLE,False,,,,,NOT_AVAILABLE,0,TRACK_ONLY,NO_COINCIDENT_SATELLITE_DATA
2023334N08088,MICHAUNG,2023-12-03T03:00:00Z,11.5,82.7,35.0,995.0,TS,TRAIN,False,,,,,NOT_AVAILABLE,False,,,,,NOT_AVAILABLE,False,,,,,NOT_AVAILABLE,0,TRACK_ONLY,NO_COINCIDENT_SATELLITE_DATA
2023334N08088,MICHAUNG,2023-12-03T06:00:00Z,11.9,82.5,35.0,995.0,TS,TRAIN,False,,,,,NOT_AVAILABLE,False,,,,,NOT_AVAILABLE,False,,,,,NOT_AVAILABLE,0,TRACK_ONLY,NO_COINCIDENT_SATELLITE_DATA
2023334N08088,MICHAUNG,2023-12-03T09:00:00Z,12.1,82.4,35.0,995.0,TS,TRAIN,False,,,,,NOT_AVAILABLE,False,,,,,NOT_AVAILABLE,False,,,,,NOT_AVAILABLE,0,TRACK_ONLY,NO_COINCIDENT_SATELLITE_DATA
2023334N08088,MICHAUNG,2023-12-03T12:00:00Z,12.3,82.3,35.0,995.0,TS,TRAIN,False,,,,,NOT_AVAILABLE,False,,,,,NOT_AVAILABLE,False,,,,,NOT_AVAILABLE,0,TRACK_ONLY,NO_COINCIDENT_SATELLITE_DATA
2023334N08088,MICHAUNG,2023-12-03T15:00:00Z,12.5,82.1,40.0,994.0,TS,TRAIN,False,,,,,NOT_AVAILABLE,False,,,,,NOT_AVAILABLE,False,,,,,NOT_AVAILABLE,0,TRACK_ONLY,NO_COINCIDENT_SATELLITE_DATA
2023334N08088,MICHAUNG,2023-12-03T18:00:00Z,12.8,81.8,45.0,992.0,TS,TRAIN,False,,,,,NOT_AVAILABLE,False,,,,,NOT_AVAILABLE,False,,,,,NOT_AVAILABLE,0,TRACK_ONLY,NO_COINCIDENT_SATELLITE_DATA
2023334N08088,MICHAUNG,2023-12-03T21:00:00Z,12.9,81.6,45.0,992.0,TS,TRAIN,False,,,,,NOT_AVAILABLE,False,,,,,NOT_AVAILABLE,False,,,,,NOT_AVAILABLE,0,TRACK_ONLY,NO_COINCIDENT_SATELLITE_DATA
2023334N08088,MICHAUNG,2023-12-04T00:00:00Z,13.1,81.4,45.0,992.0,TS,TRAIN,False,,,,,NOT_AVAILABLE,False,,,,,NOT_AVAILABLE,False,,,,,NOT_AVAILABLE,0,TRACK_ONLY,NO_COINCIDENT_SATELLITE_DATA
