storm_id,storm_name,cyclone_time_utc,latitude,longitude,partition,ri_target,ri_label_status,env_sst_celsius,env_sst_potential_above_26c,env_sst_is_observed,env_vws_magnitude_kts,env_vws_direction_deg,env_wind_speed_850hpa_kts,env_wind_speed_200hpa_kts,env_vws_delta_6h_kts,env_vws_is_observed,env_relative_humidity_700hpa,env_relative_humidity_500hpa,env_rh_is_observed,env_dt_minutes
2013281N12098,PHAILIN,2013-10-07T12:00:00Z,11.8,97.6,TRAIN,0.0,AVAILABLE,28.39,2.3900000000000006,1.0,,,,,,0.0,,,0.0,0.0
2013281N12098,PHAILIN,2013-10-07T15:00:00Z,12.0,97.0,TRAIN,0.0,AVAILABLE,28.369999,2.369999,1.0,,,,,,0.0,,,0.0,0.0
2013281N12098,PHAILIN,2013-10-07T18:00:00Z,12.1,96.4,TRAIN,0.0,AVAILABLE,28.23,2.2300000000000004,1.0,,,,,,0.0,,,0.0,0.0
2013281N12098,PHAILIN,2013-10-07T21:00:00Z,12.2,95.9,TRAIN,0.0,AVAILABLE,28.139999389648438,2.1399993896484375,1.0,26.616469667066944,71.69742225337353,8.349483213706701,19.869097735527802,,1.0,80.0,56.0,1.0,180.0
2013281N12098,PHAILIN,2013-10-08T00:00:00Z,12.3,95.6,TRAIN,0.0,AVAILABLE,27.959999084472656,1.9599990844726562,1.0,21.08420420561336,55.13779865133989,2.8034507503408825,20.228123711673284,,1.0,78.0,64.0,1.0,0.0
2013281N12098,PHAILIN,2013-10-08T03:00:00Z,12.4,95.5,TRAIN,0.0,AVAILABLE,27.959999084472656,1.9599990844726562,1.0,21.08420420561336,55.13779865133989,2.8034507503408825,20.228123711673284,-5.5322654614535836,1.0,78.0,64.0,1.0,180.0
2013281N12098,PHAILIN,2013-10-08T06:00:00Z,12.4,95.2,TRAIN,0.0,AVAILABLE,28.139999389648438,2.1399993896484375,1.0,28.080987614590768,64.14444691902764,6.6347374500264245,22.645596267095144,6.996783408977407,1.0,94.0,60.0,1.0,0.0
2013281N12098,PHAILIN,2013-10-08T09:00:00Z,12.4,94.9,TRAIN,0.0,AVAILABLE,28.309999465942383,2.309999465942383,1.0,28.080987614590768,64.14444691902764,6.6347374500264245,22.645596267095144,6.996783408977407,1.0,94.0,60.0,1.0,180.0
2013281N12098,PHAILIN,2013-10-08T12:00:00Z,12.4,94.5,TRAIN,0.0,AVAILABLE,28.529998779296875,2.529998779296875,1.0,20.9764121688092,57.48815784226366,6.461646529334814,16.503228013482815,-7.104575445781567,1.0,100.0,76.0,1.0,0.0
2013281N12098,PHAILIN,2013-10-08T15:00:00Z,12.5,94.2,TRAIN,0.0,AVAILABLE,28.35999870300293,2.3599987030029297,1.0,20.9764121688092,57.48815784226366,6.461646529334814,16.503228013482815,-7.104575445781567,1.0,100.0,76.0,1.0,180.0
2013281N12098,PHAILIN,2013-10-08T18:00:00Z,12.7,94.0,TRAIN,0.0,AVAILABLE,28.35999870300293,2.3599987030029297,1.0,19.574999905374423,57.57247431592555,8.421560801888331,11.558943511783717,-1.4014122634347785,1.0,100.0,73.0,1.0,0.0
2013281N12098,PHAILIN,2013-10-08T21:00:00Z,12.9,93.7,TRAIN,0.0,AVAILABLE,28.229999542236328,2.229999542236328,1.0,27.261676896970037,77.64843818303888,10.362708793841406,19.7709259426755,6.285264728160836,1.0,98.0,66.0,1.0,180.0
2013281N12098,PHAILIN,2013-10-09T00:00:00Z,13.1,93.5,TRAIN,0.0,AVAILABLE,28.25,2.25,1.0,21.145068003985887,83.1362940475002,9.726994495412937,11.64524049106914,1.5700680986114648,1.0,97.0,59.0,1.0,0.0
2013281N12098,PHAILIN,2013-10-09T03:00:00Z,13.2,93.3,TRAIN,0.0,AVAILABLE,28.299999237060547,2.299999237060547,1.0,21.145068003985887,83.1362940475002,9.726994495412937,11.64524049106914,-6.11660889298415,1.0,97.0,59.0,1.0,180.0
2013281N12098,PHAILIN,2013-10-09T06:00:00Z,13.2,92.9,TRAIN,1.0,AVAILABLE,28.489999771118164,2.489999771118164,1.0,30.8330561222734,66.99112713732103,15.882513376784772,14.961287610894065,9.687988118287514,1.0,100.0,69.0,1.0,0.0
2013281N12098,PHAILIN,2013-10-09T09:00:00Z,13.5,92.5,TRAIN,1.0,AVAILABLE,28.649999618530273,2.6499996185302734,1.0,30.8330561222734,66.99112713732103,15.882513376784772,14.961287610894065,9.687988118287514,1.0,100.0,69.0,1.0,180.0
2013281N12098,PHAILIN,2013-10-09T12:00:00Z,13.6,92.4,TRAIN,1.0,AVAILABLE,28.78999900817871,2.789999008178711,1.0,28.806294779598524,76.33884071971266,18.831211822110625,10.263796358803525,-2.0267613426748774,1.0,100.0,68.0,1.0,0.0
2013281N12098,PHAILIN,2013-10-09T15:00:00Z,13.7,92.3,TRAIN,1.0,AVAILABLE,28.78999900817871,2.789999008178711,1.0,28.806294779598524,76.33884071971266,18.831211822110625,10.263796358803525,-2.0267613426748774,1.0,100.0,68.0,1.0,180.0
2013281N12098,PHAILIN,2013-10-09T18:00:00Z,14.0,91.9,TRAIN,1.0,AVAILABLE,28.799999237060547,2.799999237060547,1.0,10.503986856369597,51.00901194558867,3.4444955253226386,13.747829617827053,-18.302307923228927,1.0,83.0,64.0,1.0,0.0
2013281N12098,PHAILIN,2013-10-09T21:00:00Z,14.1,91.8,TRAIN,1.0,AVAILABLE,28.799999237060547,2.799999237060547,1.0,10.503986856369597,51.00901194558867,3.4444955253226386,13.747829617827053,-18.302307923228927,1.0,83.0,64.0,1.0,180.0
2013281N12098,PHAILIN,2013-10-10T00:00:00Z,14.5,91.4,TRAIN,1.0,AVAILABLE,28.619998931884766,2.6199989318847656,1.0,14.999119394773315,86.28470942620618,3.4003330138351693,13.360313644134528,4.495132538403718,1.0,77.0,43.0,1.0,0.0
2013281N12098,PHAILIN,2013-10-10T03:00:00Z,14.6,91.0,TRAIN,1.0,AVAILABLE,28.56999969482422,2.5699996948242188,1.0,17.704996505645138,81.15822337798932,0.801451790024829,16.906990503326952,7.201009649275541,1.0,76.0,53.0,1.0,180.0
2013281N12098,PHAILIN,2013-10-10T06:00:00Z,15.0,90.7,TRAIN,1.0,AVAILABLE,28.510000228881836,2.510000228881836,1.0,9.814007821348374,82.03042390400293,5.287813442618011,7.223693931713182,-5.1851115734249404,1.0,87.0,67.0,1.0,0.0
2013281N12098,PHAILIN,2013-10-10T09:00:00Z,15.1,90.5,TRAIN,1.0,AVAILABLE,28.510000228881836,2.510000228881836,1.0,9.814007821348374,82.03042390400293,5.287813442618011,7.223693931713182,-7.890988684296763,1.0,87.0,67.0,1.0,180.0
2013281N12098,PHAILIN,2013-10-10T12:00:00Z,15.4,90.1,TRAIN,1.0,AVAILABLE,28.60999870300293,2.6099987030029297,1.0,17.391692460958257,64.86700241329407,9.542654822718289,8.064029781503882,7.577684639609883,1.0,82.0,59.0,1.0,0.0
2013281N12098,PHAILIN,2013-10-10T15:00:00Z,15.5,89.9,TRAIN,0.0,AVAILABLE,28.65999984741211,2.6599998474121094,1.0,17.391692460958257,64.86700241329407,9.542654822718289,8.064029781503882,7.577684639609883,1.0,82.0,59.0,1.0,180.0
2013281N12098,PHAILIN,2013-10-10T18:00:00Z,15.6,89.5,TRAIN,0.0,AVAILABLE,28.649999618530273,2.6499996185302734,1.0,28.426680752924717,54.46230830874879,11.50813488287979,17.74444424363522,11.03498829196646,1.0,72.0,63.0,1.0,0.0
2013281N12098,PHAILIN,2013-10-10T21:00:00Z,15.6,89.0,TRAIN,0.0,AVAILABLE,28.68000030517578,2.6800003051757812,1.0,28.426680752924717,54.46230830874879,11.50813488287979,17.74444424363522,11.03498829196646,1.0,72.0,63.0,1.0,180.0
2013281N12098,PHAILIN,2013-10-11T00:00:00Z,15.9,88.6,TRAIN,0.0,AVAILABLE,28.920000076293945,2.9200000762939453,1.0,24.858425344086235,74.11615000818978,6.4117366134224945,18.45117984245319,-3.568255408838482,1.0,77.0,61.0,1.0,0.0
2013281N12098,PHAILIN,2013-10-11T03:00:00Z,15.9,88.5,TRAIN,0.0,AVAILABLE,28.920000076293945,2.9200000762939453,1.0,24.858425344086235,74.11615000818978,6.4117366134224945,18.45117984245319,-3.568255408838482,1.0,77.0,61.0,1.0,180.0
2013281N12098,PHAILIN,2013-10-11T06:00:00Z,16.2,88.3,TRAIN,0.0,AVAILABLE,28.93000030517578,2.9300003051757812,1.0,32.35258786218457,65.12867206620325,17.304567961695618,15.592004443862931,7.494162518098335,1.0,72.0,54.0,1.0,0.0
2013281N12098,PHAILIN,2013-10-11T09:00:00Z,16.5,88.0,TRAIN,0.0,AVAILABLE,28.90999984741211,2.9099998474121094,1.0,7.046274110727734,114.44393482006166,7.401939303755419,13.218148480738728,-17.812151233358502,1.0,68.0,47.0,1.0,180.0
2013281N12098,PHAILIN,2013-10-11T12:00:00Z,16.8,87.7,TRAIN,0.0,AVAILABLE,28.739999771118164,2.739999771118164,1.0,5.06893082596185,57.528602000109345,11.76628273250743,15.982132584026905,-27.28365703622272,1.0,77.0,64.0,1.0,0.0
2013281N12098,PHAILIN,2013-10-11T15:00:00Z,16.8,87.3,TRAIN,0.0,AVAILABLE,28.579999923706055,2.5799999237060547,1.0,5.06893082596185,57.528602000109345,11.76628273250743,15.982132584026905,-1.977343284765884,1.0,77.0,64.0,1.0,180.0
2013281N12098,PHAILIN,2013-10-11T18:00:00Z,16.9,87.0,TRAIN,0.0,AVAILABLE,28.420000076293945,2.4200000762939453,1.0,9.380914335034273,5.9468780692832865,14.08716772178007,10.034845080187065,4.311983509072423,1.0,69.0,58.0,1.0,0.0
2013281N12098,PHAILIN,2013-10-11T21:00:00Z,17.1,86.7,TRAIN,0.0,AVAILABLE,28.6299991607666,2.6299991607666016,1.0,9.380914335034273,5.9468780692832865,14.08716772178007,10.034845080187065,4.311983509072423,1.0,69.0,58.0,1.0,180.0
2013281N12098,PHAILIN,2013-10-12T00:00:00Z,17.5,86.5,TRAIN,0.0,AVAILABLE,27.18000030517578,1.1800003051757812,1.0,16.443609364344905,6.788967244115099,15.367440033215665,11.311109805186144,7.062695029310632,1.0,77.0,50.0,1.0,0.0
2013281N12098,PHAILIN,2013-10-12T03:00:00Z,17.7,86.0,TRAIN,0.0,AVAILABLE,27.239999771118164,1.239999771118164,1.0,9.403043118659488,97.1251060172367,16.236648928861868,21.89652115158926,0.022128783625214865,1.0,83.0,67.0,1.0,180.0
2013281N12098,PHAILIN,2013-10-12T06:00:00Z,18.1,85.8,TRAIN,0.0,AVAILABLE,27.029998779296875,1.029998779296875,1.0,10.970228008662234,82.87484914873102,5.251972021265402,12.569034709206457,-5.473381355682671,1.0,86.0,61.0,1.0,0.0
2013281N12098,PHAILIN,2013-10-12T09:00:00Z,18.5,85.4,TRAIN,0.0,AVAILABLE,27.420000076293945,1.4200000762939453,1.0,10.970228008662234,82.87484914873102,5.251972021265402,12.569034709206457,1.5671848900027463,1.0,86.0,61.0,1.0,180.0
2013281N12098,PHAILIN,2013-10-12T12:00:00Z,18.7,85.2,TRAIN,0.0,AVAILABLE,27.56999969482422,1.5699996948242188,1.0,17.887588520537065,88.75465431703088,12.355267009323775,6.609076857499398,6.917360511874831,1.0,79.0,49.0,1.0,0.0
2013281N12098,PHAILIN,2013-10-12T15:00:00Z,19.1,85.1,TRAIN,,UNAVAILABLE_MISSING_FUTURE,27.8799991607666,1.8799991607666016,1.0,11.703500548026327,237.8937995154065,15.063245873495084,4.800942942502847,0.7332725393640924,1.0,81.0,69.0,1.0,180.0
2013281N12098,PHAILIN,2013-10-12T18:00:00Z,19.5,84.9,TRAIN,0.0,AVAILABLE,,,0.0,13.537297217595794,147.90740326344076,10.691144708423325,21.24488391849684,-4.350291302941271,1.0,91.0,71.0,1.0,0.0
2013281N12098,PHAILIN,2013-10-12T21:00:00Z,19.9,84.6,TRAIN,,UNAVAILABLE_MISSING_FUTURE,,,0.0,13.537297217595794,147.90740326344076,10.691144708423325,21.24488391849684,1.8337966695694679,1.0,91.0,71.0,1.0,180.0
2013281N12098,PHAILIN,2013-10-13T00:00:00Z,20.4,84.5,TRAIN,0.0,AVAILABLE,,,0.0,9.684161598909624,100.40782755239434,15.021766437202308,20.566208970461854,-3.8531356186861707,1.0,100.0,87.0,1.0,0.0
2013281N12098,PHAILIN,2013-10-13T03:00:00Z,20.9,84.1,TRAIN,,UNAVAILABLE_MISSING_FUTURE,,,0.0,9.684161598909624,100.40782755239434,15.021766437202308,20.566208970461854,-3.8531356186861707,1.0,100.0,87.0,1.0,180.0
2013281N12098,PHAILIN,2013-10-13T06:00:00Z,21.5,84.0,TRAIN,0.0,AVAILABLE,,,0.0,33.0527896616931,237.24454208199398,24.77925249586126,23.010549282389697,23.368628062783472,1.0,100.0,94.0,1.0,0.0
2013281N12098,PHAILIN,2013-10-13T09:00:00Z,22.0,83.9,TRAIN,0.0,AVAILABLE,,,0.0,33.0527896616931,237.24454208199398,24.77925249586126,23.010549282389697,23.368628062783472,1.0,100.0,94.0,1.0,180.0
2013281N12098,PHAILIN,2013-10-13T12:00:00Z,22.6,83.9,TRAIN,,UNAVAILABLE_MISSING_FUTURE,,,0.0,20.43349507285721,267.2736890060937,17.826243699260605,10.431764214694278,-12.619294588835889,1.0,100.0,99.0,1.0,0.0
2013281N12098,PHAILIN,2013-10-13T15:00:00Z,22.8,83.6,TRAIN,,UNAVAILABLE_MISSING_CURRENT,,,0.0,23.054035562719154,216.77330115456797,18.006556716453893,5.911972221672134,-9.998754098973944,1.0,100.0,100.0,1.0,180.0
2013281N12098,PHAILIN,2013-10-13T18:00:00Z,23.0,83.5,TRAIN,,UNAVAILABLE_MISSING_FUTURE,,,0.0,19.058605863204196,181.75342213981224,5.164929237538959,14.237921414971916,-1.3748892096530128,1.0,94.0,93.0,1.0,0.0
2013281N12098,PHAILIN,2013-10-13T21:00:00Z,23.2,83.7,TRAIN,,UNAVAILABLE_MISSING_CURRENT,,,0.0,19.058605863204196,181.75342213981224,5.164929237538959,14.237921414971916,-3.9954296995149576,1.0,94.0,93.0,1.0,180.0
2013281N12098,PHAILIN,2013-10-14T00:00:00Z,23.5,84.0,TRAIN,,UNAVAILABLE_MISSING_FUTURE,,,0.0,2.0294349352703467,343.30059535068915,15.477692354854469,13.724425671594323,-17.029170927933848,1.0,91.0,67.0,1.0,0.0
2013281N12098,PHAILIN,2013-10-14T03:00:00Z,23.9,84.2,TRAIN,,UNAVAILABLE_MISSING_CURRENT,,,0.0,24.730397191867617,249.28581543319797,17.00168846824694,12.20138577018245,5.671791328663421,1.0,99.0,100.0,1.0,180.0
2013281N12098,PHAILIN,2013-10-14T06:00:00Z,24.5,84.2,TRAIN,,UNAVAILABLE_MISSING_FUTURE,,,0.0,25.817318014891207,251.565009545479,13.96596014618657,14.847209998378366,23.787883079620862,1.0,90.0,94.0,1.0,0.0
2013322N13090,HELEN,2013-11-18T00:00:00Z,13.3,90.0,TRAIN,0.0,AVAILABLE,28.299999237060547,2.299999237060547,1.0,12.923267182550529,68.83877974266841,9.767693556039847,20.414069282820208,,1.0,90.0,58.0,1.0,0.0
2013322N13090,HELEN,2013-11-18T03:00:00Z,13.6,89.5,TRAIN,0.0,AVAILABLE,28.549999237060547,2.549999237060547,1.0,12.923267182550529,68.83877974266841,9.767693556039847,20.414069282820208,,1.0,90.0,58.0,1.0,180.0
2013322N13090,HELEN,2013-11-18T06:00:00Z,14.0,88.9,TRAIN,0.0,AVAILABLE,28.719999313354492,2.719999313354492,1.0,3.036400392250188,50.19471555001854,11.17497985894256,11.593211137328982,-9.88686679030034,1.0,95.0,74.0,1.0,0.0
2013322N13090,HELEN,2013-11-18T09:00:00Z,14.4,88.3,TRAIN,0.0,AVAILABLE,28.579999923706055,2.5799999237060547,1.0,12.34455770437137,153.83839670577424,8.67791464064711,16.339870163856947,-0.5787094781791584,1.0,89.0,61.0,1.0,180.0
2013322N13090,HELEN,2013-11-18T12:00:00Z,14.7,87.8,TRAIN,0.0,AVAILABLE,28.399999618530273,2.3999996185302734,1.0,6.747701569249847,138.50356066594804,7.3275416595867275,13.695489512727235,3.7113011769996596,1.0,90.0,66.0,1.0,0.0
2013322N13090,HELEN,2013-11-18T15:00:00Z,14.8,87.3,TRAIN,0.0,AVAILABLE,28.15999984741211,2.1599998474121094,1.0,6.747701569249847,138.50356066594804,7.3275416595867275,13.695489512727235,-5.596856135121523,1.0,90.0,66.0,1.0,180.0
2013322N13090,HELEN,2013-11-18T18:00:00Z,14.8,86.9,TRAIN,0.0,AVAILABLE,28.149999618530273,2.1499996185302734,1.0,4.007338081053885,194.03624346792648,12.924736326004071,13.405476383686603,-2.740363488195962,1.0,75.0,41.0,1.0,0.0
2013322N13090,HELEN,2013-11-18T21:00:00Z,14.8,86.5,TRAIN,0.0,AVAILABLE,28.099998474121094,2.0999984741210938,1.0,4.007338081053885,194.03624346792648,12.924736326004071,13.405476383686603,-2.740363488195962,1.0,75.0,41.0,1.0,180.0
2013322N13090,HELEN,2013-11-19T00:00:00Z,14.7,86.2,TRAIN,0.0,AVAILABLE,28.139999389648438,2.1399993896484375,1.0,4.487706044166212,197.65007501173133,12.658890104663802,12.355267009323775,0.480367963112327,1.0,73.0,46.0,1.0,0.0
2013322N13090,HELEN,2013-11-19T03:00:00Z,14.8,85.9,TRAIN,0.0,AVAILABLE,28.229999542236328,2.229999542236328,1.0,4.487706044166212,197.65007501173133,12.658890104663802,12.355267009323775,0.480367963112327,1.0,73.0,46.0,1.0,180.0
2013322N13090,HELEN,2013-11-19T06:00:00Z,14.8,85.6,TRAIN,0.0,AVAILABLE,28.25,2.25,1.0,9.338555083514757,177.61409384932017,10.803650018824673,13.535909893836763,4.850849039348545,1.0,73.0,47.0,1.0,0.0
2013322N13090,HELEN,2013-11-19T09:00:00Z,14.9,85.3,TRAIN,0.0,AVAILABLE,28.279998779296875,2.279998779296875,1.0,9.338555083514757,177.61409384932017,10.803650018824673,13.535909893836763,4.850849039348545,1.0,73.0,47.0,1.0,180.0
2013322N13090,HELEN,2013-11-19T12:00:00Z,15.0,85.1,TRAIN,0.0,AVAILABLE,28.219999313354492,2.219999313354492,1.0,9.823631979823103,207.07211104604195,13.413953473341108,12.373605052307525,0.48507689630834605,1.0,72.0,43.0,1.0,0.0
2013322N13090,HELEN,2013-11-19T15:00:00Z,15.0,84.9,TRAIN,0.0,AVAILABLE,28.01999855041504,2.019998550415039,1.0,9.823631979823103,207.07211104604195,13.413953473341108,12.373605052307525,0.48507689630834605,1.0,72.0,43.0,1.0,180.0
2013322N13090,HELEN,2013-11-19T18:00:00Z,15.0,84.5,TRAIN,0.0,AVAILABLE,27.84000015258789,1.8400001525878906,1.0,12.694648457271176,258.517971747787,16.84989053379778,7.118300575321627,2.871016477448073,1.0,66.0,29.0,1.0,0.0
2013322N13090,HELEN,2013-11-19T21:00:00Z,15.0,84.2,TRAIN,0.0,AVAILABLE,27.599998474121094,1.5999984741210938,1.0,12.694648457271176,258.517971747787,16.84989053379778,7.118300575321627,2.871016477448073,1.0,66.0,29.0,1.0,180.0
2013322N13090,HELEN,2013-11-20T00:00:00Z,15.1,84.1,TRAIN,0.0,AVAILABLE,27.579999923706055,1.5799999237060547,1.0,5.9502031672441404,231.63271055460652,12.672328884721301,10.880312812957262,-6.744445290027036,1.0,70.0,50.0,1.0,0.0
2013322N13090,HELEN,2013-11-20T03:00:00Z,15.1,84.1,TRAIN,0.0,AVAILABLE,27.579999923706055,1.5799999237060547,1.0,5.9502031672441404,231.63271055460652,12.672328884721301,10.880312812957262,-6.744445290027036,1.0,70.0,50.0,1.0,180.0
2013322N13090,HELEN,2013-11-20T06:00:00Z,15.3,84.1,TRAIN,0.0,AVAILABLE,27.35999870300293,1.3599987030029297,1.0,2.0013000233333424,209.05476905544404,8.796827592615452,9.542654822718289,-3.948903143910798,1.0,63.0,43.0,1.0,0.0
2013322N13090,HELEN,2013-11-20T09:00:00Z,15.3,84.0,TRAIN,0.0,AVAILABLE,27.35999870300293,1.3599987030029297,1.0,2.0013000233333424,209.05476905544404,8.796827592615452,9.542654822718289,-3.948903143910798,1.0,63.0,43.0,1.0,180.0
2013322N13090,HELEN,2013-11-20T12:00:00Z,15.4,84.0,TRAIN,0.0,AVAILABLE,27.35999870300293,1.3599987030029297,1.0,2.1732842113928834,206.565051177078,6.954496211795737,7.286159768187703,0.17198418805954097,1.0,76.0,51.0,1.0,0.0
2013322N13090,HELEN,2013-11-20T15:00:00Z,15.4,83.9,TRAIN,0.0,AVAILABLE,27.389999389648438,1.3899993896484375,1.0,2.1732842113928834,206.565051177078,6.954496211795737,7.286159768187703,0.17198418805954097,1.0,76.0,51.0,1.0,180.0
2013322N13090,HELEN,2013-11-20T18:00:00Z,15.5,83.8,TRAIN,0.0,AVAILABLE,27.260000228881836,1.260000228881836,1.0,6.531428431789964,323.471113658175,10.928823127253962,4.406995829990201,4.35814422039708,1.0,55.0,38.0,1.0,0.0
2013322N13090,HELEN,2013-11-20T21:00:00Z,15.6,83.7,TRAIN,0.0,AVAILABLE,27.5,1.5,1.0,3.573723006976411,225.0,6.997852037071409,5.135584900648423,1.4004387955835278,1.0,52.0,43.0,1.0,180.0
2013322N13090,HELEN,2013-11-21T00:00:00Z,15.7,83.6,TRAIN,0.0,AVAILABLE,27.44999885559082,1.4499988555908203,1.0,8.203382692677883,216.32687504056673,8.884454942276067,6.376269920125414,1.6719542608879188,1.0,52.0,38.0,1.0,0.0
2013322N13090,HELEN,2013-11-21T03:00:00Z,15.8,83.4,TRAIN,0.0,AVAILABLE,27.619998931884766,1.6199989318847656,1.0,8.203382692677883,216.32687504056673,8.884454942276067,6.376269920125414,4.629659685701471,1.0,52.0,38.0,1.0,180.0
2013322N13090,HELEN,2013-11-21T06:00:00Z,15.9,83.3,TRAIN,0.0,AVAILABLE,27.619998931884766,1.6199989318847656,1.0,11.863834130207866,161.86184508691258,5.146612974946048,7.7753839019254,3.660451437529984,1.0,60.0,23.0,1.0,0.0
2013322N13090,HELEN,2013-11-21T09:00:00Z,16.0,83.1,TRAIN,0.0,AVAILABLE,27.670000076293945,1.6700000762939453,1.0,11.863834130207866,161.86184508691258,5.146612974946048,7.7753839019254,3.660451437529984,1.0,60.0,23.0,1.0,180.0
2013322N13090,HELEN,2013-11-21T12:00:00Z,16.1,83.0,TRAIN,0.0,AVAILABLE,27.670000076293945,1.6700000762939453,1.0,13.834101009463195,199.70794086898846,8.526370028086562,10.019751861881009,1.9702668792553286,1.0,67.0,16.0,1.0,0.0
2013322N13090,HELEN,2013-11-21T15:00:00Z,16.1,82.7,TRAIN,0.0,AVAILABLE,27.729999542236328,1.7299995422363281,1.0,13.834101009463195,199.70794086898846,8.526370028086562,10.019751861881009,1.9702668792553286,1.0,67.0,16.0,1.0,180.0
2013322N13090,HELEN,2013-11-21T18:00:00Z,16.2,82.6,TRAIN,0.0,AVAILABLE,27.729999542236328,1.7299995422363281,1.0,5.769640459355243,212.61909421778753,8.519703007060121,11.985800117916822,-8.064460550107952,1.0,67.0,18.0,1.0,0.0
2013322N13090,HELEN,2013-11-21T21:00:00Z,16.1,82.3,TRAIN,0.0,AVAILABLE,27.719999313354492,1.7199993133544922,1.0,5.769640459355243,212.61909421778753,8.519703007060121,11.985800117916822,-8.064460550107952,1.0,67.0,18.0,1.0,180.0
2013322N13090,HELEN,2013-11-22T00:00:00Z,16.2,82.0,TRAIN,0.0,AVAILABLE,27.03999900817871,1.039999008178711,1.0,11.501592060566109,239.53448504672474,10.057402309589278,13.81359760450224,5.731951601210866,1.0,68.0,16.0,1.0,0.0
2013322N13090,HELEN,2013-11-22T03:00:00Z,16.2,81.7,TRAIN,0.0,AVAILABLE,26.78999900817871,0.7899990081787109,1.0,11.501592060566109,239.53448504672474,10.057402309589278,13.81359760450224,5.731951601210866,1.0,68.0,16.0,1.0,180.0
2013322N13090,HELEN,2013-11-22T06:00:00Z,16.2,81.4,TRAIN,0.0,AVAILABLE,26.829999923706055,0.8299999237060547,1.0,9.187615758410415,173.9275396793422,6.054081647117997,14.515200012055537,-2.3139763021556945,1.0,59.0,16.0,1.0,0.0
2013322N13090,HELEN,2013-11-22T09:00:00Z,16.0,81.2,TRAIN,0.0,AVAILABLE,,,0.0,20.157025883538985,173.3547404896899,5.309227350732189,15.807419622607961,8.655433822972876,1.0,70.0,10.0,1.0,180.0
2013322N13090,HELEN,2013-11-22T12:00:00Z,15.8,80.8,TRAIN,,UNAVAILABLE_MISSING_FUTURE,,,0.0,17.650491044212053,196.63884808470533,8.468565947152335,18.568535711176665,8.462875285801639,1.0,74.0,14.0,1.0,0.0
2013322N13090,HELEN,2013-11-22T15:00:00Z,15.9,80.5,TRAIN,,UNAVAILABLE_MISSING_FUTURE,26.959999084472656,0.9599990844726562,1.0,17.650491044212053,196.63884808470533,8.468565947152335,18.568535711176665,-2.5065348393269318,1.0,74.0,14.0,1.0,180.0
2013322N13090,HELEN,2013-11-22T18:00:00Z,16.1,80.2,TRAIN,,UNAVAILABLE_MISSING_FUTURE,,,0.0,19.129826142262807,152.1330349664379,4.436898978438337,21.883574302131013,1.479335098050754,1.0,60.0,18.0,1.0,0.0
2013322N13090,HELEN,2013-11-22T21:00:00Z,16.3,79.7,TRAIN,,UNAVAILABLE_MISSING_FUTURE,,,0.0,22.583750609821035,221.51067379880493,9.019521080319182,25.917344210783916,4.9332595656089815,1.0,73.0,34.0,1.0,180.0
2013322N13090,HELEN,2013-11-23T00:00:00Z,16.5,79.4,TRAIN,,UNAVAILABLE_MISSING_FUTURE,,,0.0,33.31864789974998,221.68903646511674,13.230993087054237,28.706441907464974,14.188821757487176,1.0,72.0,19.0,1.0,0.0
2013322N13090,HELEN,2013-11-23T03:00:00Z,16.8,79.1,TRAIN,,UNAVAILABLE_MISSING_FUTURE,,,0.0,33.31864789974998,221.68903646511674,13.230993087054237,28.706441907464974,10.734897289928949,1.0,72.0,19.0,1.0,180.0
2013322N13090,HELEN,2013-11-23T06:00:00Z,17.2,78.8,TRAIN,,UNAVAILABLE_MISSING_FUTURE,,,0.0,26.33390040068283,220.50954950796435,11.270951626548984,27.128283486496393,-6.984747499067154,1.0,68.0,18.0,1.0,0.0
2014279N11096,HUDHUD,2014-10-06T06:00:00Z,10.7,96.1,TRAIN,0.0,AVAILABLE,28.51999855041504,2.519998550415039,1.0,24.585611680256083,85.01061229056108,11.663066954643629,13.006352541017696,,1.0,64.0,64.0,1.0,0.0
2014279N11096,HUDHUD,2014-10-06T09:00:00Z,10.7,96.0,TRAIN,0.0,AVAILABLE,28.51999855041504,2.519998550415039,1.0,24.585611680256083,85.01061229056108,11.663066954643629,13.006352541017696,,1.0,64.0,64.0,1.0,180.0
2014279N11096,HUDHUD,2014-10-06T12:00:00Z,10.7,95.9,TRAIN,0.0,AVAILABLE,28.439998626708984,2.4399986267089844,1.0,22.67723415301896,75.60642116364374,14.778314691148783,8.903563410208095,-1.9083775272371213,1.0,72.0,57.0,1.0,0.0
2014279N11096,HUDHUD,2014-10-06T15:00:00Z,10.7,95.8,TRAIN,0.0,AVAILABLE,28.439998626708984,2.4399986267089844,1.0,22.67723415301896,75.60642116364374,14.778314691148783,8.903563410208095,-1.9083775272371213,1.0,72.0,57.0,1.0,180.0
2014279N11096,HUDHUD,2014-10-06T18:00:00Z,10.8,95.6,TRAIN,0.0,AVAILABLE,28.35999870300293,2.3599987030029297,1.0,28.196468250825014,88.41979137825973,14.867551497516759,14.09924356046529,5.519234097806052,1.0,75.0,67.0,1.0,0.0
2014279N11096,HUDHUD,2014-10-06T21:00:00Z,10.9,95.4,TRAIN,0.0,AVAILABLE,28.369998931884766,2.3699989318847656,1.0,28.196468250825014,88.41979137825973,14.867551497516759,14.09924356046529,5.519234097806052,1.0,75.0,67.0,1.0,180.0
2014279N11096,HUDHUD,2014-10-07T00:00:00Z,11.0,95.2,TRAIN,0.0,AVAILABLE,28.51999855041504,2.519998550415039,1.0,19.24013755087916,60.32696607640503,7.128899836721767,12.13620009429348,-8.956330699945852,1.0,79.0,60.0,1.0,0.0
2014279N11096,HUDHUD,2014-10-07T03:00:00Z,11.2,95.0,TRAIN,0.0,AVAILABLE,28.51999855041504,2.519998550415039,1.0,19.24013755087916,60.32696607640503,7.128899836721767,12.13620009429348,-8.956330699945852,1.0,79.0,60.0,1.0,180.0
2014279N11096,HUDHUD,2014-10-07T06:00:00Z,11.4,94.7,TRAIN,0.0,AVAILABLE,28.93000030517578,2.9300003051757812,1.0,13.78897225833933,49.57402550442629,8.439496312073762,15.916999623944209,-5.451165292539832,1.0,70.0,54.0,1.0,0.0
2014279N11096,HUDHUD,2014-10-07T09:00:00Z,11.5,94.4,TRAIN,0.0,AVAILABLE,28.709999084472656,2.7099990844726562,1.0,13.78897225833933,49.57402550442629,8.439496312073762,15.916999623944209,-5.451165292539832,1.0,70.0,54.0,1.0,180.0
2014279N11096,HUDHUD,2014-10-07T12:00:00Z,11.7,94.1,TRAIN,0.0,AVAILABLE,28.69999885559082,2.6999988555908203,1.0,8.360791296261732,144.46232220802563,8.610177290344586,12.734792749541484,-5.428180962077597,1.0,75.0,62.0,1.0,0.0
2014279N11096,HUDHUD,2014-10-07T15:00:00Z,11.8,93.8,TRAIN,0.0,AVAILABLE,28.479999542236328,2.479999542236328,1.0,8.360791296261732,144.46232220802563,8.610177290344586,12.734792749541484,-5.428180962077597,1.0,75.0,62.0,1.0,180.0
2014279N11096,HUDHUD,2014-10-07T18:00:00Z,11.9,93.5,TRAIN,0.0,AVAILABLE,28.40999984741211,2.4099998474121094,1.0,18.087153590597268,110.77227891667872,2.4893392624537816,19.47145649545288,9.726362294335535,1.0,93.0,67.0,1.0,0.0
2014279N11096,HUDHUD,2014-10-07T21:00:00Z,12.0,93.2,TRAIN,0.0,AVAILABLE,28.149999618530273,2.1499996185302734,1.0,18.087153590597268,110.77227891667872,2.4893392624537816,19.47145649545288,9.726362294335535,1.0,93.0,67.0,1.0,180.0
2014279N11096,HUDHUD,2014-10-08T00:00:00Z,12.2,92.9,TRAIN,0.0,AVAILABLE,28.26999855041504,2.269998550415039,1.0,33.54471905155783,57.78343045549764,23.11786507640517,12.852926724203972,15.45756546096056,1.0,100.0,69.0,1.0,0.0
2014279N11096,HUDHUD,2014-10-08T03:00:00Z,12.3,92.6,TRAIN,0.0,AVAILABLE,28.849998474121094,2.8499984741210938,1.0,33.54471905155783,57.78343045549764,23.11786507640517,12.852926724203972,15.45756546096056,1.0,100.0,69.0,1.0,180.0
2014279N11096,HUDHUD,2014-10-08T06:00:00Z,12.6,92.1,TRAIN,0.0,AVAILABLE,28.809999465942383,2.809999465942383,1.0,46.32268062436263,77.88845203051602,25.829716657838613,24.627840751744408,12.777961572804806,1.0,93.0,66.0,1.0,0.0
2014279N11096,HUDHUD,2014-10-08T09:00:00Z,12.8,91.4,TRAIN,0.0,AVAILABLE,28.829999923706055,2.8299999237060547,1.0,46.32268062436263,77.88845203051602,25.829716657838613,24.627840751744408,12.777961572804806,1.0,93.0,66.0,1.0,180.0
2014279N11096,HUDHUD,2014-10-08T12:00:00Z,12.9,90.9,TRAIN,0.0,AVAILABLE,28.670000076293945,2.6700000762939453,1.0,36.25414099566227,78.87079412236949,14.179399182285515,23.132584082507073,-10.068539628700364,1.0,89.0,79.0,1.0,0.0
2014279N11096,HUDHUD,2014-10-08T15:00:00Z,13.1,90.4,TRAIN,0.0,AVAILABLE,28.31999969482422,2.3199996948242188,1.0,36.25414099566227,78.87079412236949,14.179399182285515,23.132584082507073,-10.068539628700364,1.0,89.0,79.0,1.0,180.0
2014279N11096,HUDHUD,2014-10-08T18:00:00Z,13.3,90.1,TRAIN,0.0,AVAILABLE,27.81999969482422,1.8199996948242188,1.0,35.93746275166593,84.41274478136688,14.784710009159484,22.51925034427167,-0.3166782439963356,1.0,73.0,60.0,1.0,0.0
2014279N11096,HUDHUD,2014-10-08T21:00:00Z,13.5,89.6,TRAIN,0.0,AVAILABLE,26.939998626708984,0.9399986267089844,1.0,35.93746275166593,84.41274478136688,14.784710009159484,22.51925034427167,-0.3166782439963356,1.0,73.0,60.0,1.0,180.0
2014279N11096,HUDHUD,2014-10-09T00:00:00Z,13.6,89.3,TRAIN,0.0,AVAILABLE,26.939998626708984,0.9399986267089844,1.0,37.25393187960402,56.06120531194267,19.188994383594718,19.60973552752861,1.3164691279380847,1.0,76.0,52.0,1.0,0.0
2014279N11096,HUDHUD,2014-10-09T03:00:00Z,13.7,89.1,TRAIN,0.0,AVAILABLE,27.15999984741211,1.1599998474121094,1.0,37.25393187960402,56.06120531194267,19.188994383594718,19.60973552752861,1.3164691279380847,1.0,76.0,52.0,1.0,180.0
2014279N11096,HUDHUD,2014-10-09T06:00:00Z,13.8,88.9,TRAIN,0.0,AVAILABLE,27.349998474121094,1.3499984741210938,1.0,28.769542960105216,67.76729114337854,10.97022432967395,25.26997840172786,-8.484388919498802,1.0,73.0,44.0,1.0,0.0
2014279N11096,HUDHUD,2014-10-09T09:00:00Z,13.9,88.6,TRAIN,0.0,AVAILABLE,27.78999900817871,1.789999008178711,1.0,28.479162581630924,100.61963694777546,7.296545220349234,32.851564885453215,-8.774769297973094,1.0,82.0,55.0,1.0,180.0
2014279N11096,HUDHUD,2014-10-09T12:00:00Z,14.1,88.5,TRAIN,0.0,AVAILABLE,27.869998931884766,1.8699989318847656,1.0,22.475586199440148,95.9571912779956,5.3056813926692445,24.99031690672797,-6.293956760665068,1.0,85.0,58.0,1.0,0.0
2014279N11096,HUDHUD,2014-10-09T15:00:00Z,14.1,88.2,TRAIN,0.0,AVAILABLE,28.799999237060547,2.799999237060547,1.0,22.475586199440148,95.9571912779956,5.3056813926692445,24.99031690672797,-6.003576382190776,1.0,85.0,58.0,1.0,180.0
2014279N11096,HUDHUD,2014-10-09T18:00:00Z,14.2,88.0,TRAIN,0.0,AVAILABLE,28.799999237060547,2.799999237060547,1.0,20.510085432769618,104.82646819099,6.376293429913007,24.918393724106785,-1.9655007666705302,1.0,67.0,65.0,1.0,0.0
2014279N11096,HUDHUD,2014-10-09T21:00:00Z,14.4,87.8,TRAIN,0.0,AVAILABLE,28.959999084472656,2.9599990844726562,1.0,20.510085432769618,104.82646819099,6.376293429913007,24.918393724106785,-1.9655007666705302,1.0,67.0,65.0,1.0,180.0
2014279N11096,HUDHUD,2014-10-10T00:00:00Z,14.6,87.6,TRAIN,0.0,AVAILABLE,29.099998474121094,3.0999984741210938,1.0,21.654452160331253,78.08483108973127,1.244660366808931,20.708104001162635,1.1443667275616356,1.0,73.0,59.0,1.0,0.0
2014279N11096,HUDHUD,2014-10-10T03:00:00Z,14.8,87.3,TRAIN,0.0,AVAILABLE,29.239999771118164,3.239999771118164,1.0,21.654452160331253,78.08483108973127,1.244660366808931,20.708104001162635,1.1443667275616356,1.0,73.0,59.0,1.0,180.0
2014279N11096,HUDHUD,2014-10-10T06:00:00Z,14.9,87.2,TRAIN,1.0,AVAILABLE,29.3799991607666,3.3799991607666016,1.0,24.431442861755325,74.3050432038267,7.5909554085485835,18.677111401825094,2.7769907014240722,1.0,65.0,39.0,1.0,0.0
2014279N11096,HUDHUD,2014-10-10T09:00:00Z,15.1,87.0,TRAIN,0.0,AVAILABLE,29.40999984741211,3.4099998474121094,1.0,24.431442861755325,74.3050432038267,7.5909554085485835,18.677111401825094,2.7769907014240722,1.0,65.0,39.0,1.0,180.0
2014279N11096,HUDHUD,2014-10-10T12:00:00Z,15.3,86.8,TRAIN,0.0,AVAILABLE,29.51999855041504,3.519998550415039,1.0,22.818459405792026,66.92956617907953,12.544939632660334,11.49502846077252,-1.612983455963299,1.0,71.0,61.0,1.0,0.0
2014279N11096,HUDHUD,2014-10-10T15:00:00Z,15.5,86.5,TRAIN,0.0,AVAILABLE,29.59000015258789,3.5900001525878906,1.0,22.818459405792026,66.92956617907953,12.544939632660334,11.49502846077252,-1.612983455963299,1.0,71.0,61.0,1.0,180.0
2014279N11096,HUDHUD,2014-10-10T18:00:00Z,15.6,86.3,TRAIN,0.0,AVAILABLE,29.619998931884766,3.6199989318847656,1.0,19.58754455953873,49.830408765225684,12.084692354880314,9.87542191408188,-3.2309148462532953,1.0,73.0,49.0,1.0,0.0
2014279N11096,HUDHUD,2014-10-10T21:00:00Z,15.7,86.0,TRAIN,0.0,AVAILABLE,29.649999618530273,3.6499996185302734,1.0,19.06552786368966,106.58736582089801,10.265632072164946,15.566534330322783,-3.752931542102367,1.0,68.0,45.0,1.0,180.0
2014279N11096,HUDHUD,2014-10-11T00:00:00Z,15.9,85.7,TRAIN,0.0,AVAILABLE,28.309999465942383,2.309999465942383,1.0,17.654772223871912,110.62986192879873,16.97390555495076,11.823953220500043,-1.9327723356668187,1.0,64.0,57.0,1.0,0.0
2014279N11096,HUDHUD,2014-10-11T03:00:00Z,16.0,85.4,TRAIN,0.0,AVAILABLE,28.260000228881836,2.260000228881836,1.0,17.654772223871912,110.62986192879873,16.97390555495076,11.823953220500043,-1.4107556398177472,1.0,64.0,57.0,1.0,180.0
2014279N11096,HUDHUD,2014-10-11T06:00:00Z,16.1,85.1,TRAIN,0.0,AVAILABLE,28.510000228881836,2.510000228881836,1.0,9.981961136181827,96.70991637687092,11.284344368447643,7.56102289640452,-7.672811087690086,1.0,57.0,52.0,1.0,0.0
2014279N11096,HUDHUD,2014-10-11T09:00:00Z,16.1,85.0,TRAIN,0.0,AVAILABLE,28.510000228881836,2.510000228881836,1.0,9.981961136181827,96.70991637687092,11.284344368447643,7.56102289640452,-7.672811087690086,1.0,57.0,52.0,1.0,180.0
2014279N11096,HUDHUD,2014-10-11T12:00:00Z,16.2,84.9,TRAIN,0.0,AVAILABLE,28.969999313354492,2.969999313354492,1.0,7.590943256021936,87.06436668380371,6.259673058402298,7.741295186318295,-2.3910178801598905,1.0,58.0,52.0,1.0,0.0
2014279N11096,HUDHUD,2014-10-11T15:00:00Z,16.3,84.8,TRAIN,0.0,AVAILABLE,28.93000030517578,2.9300003051757812,1.0,9.218393285018216,155.05603253888728,16.709146868756186,18.467545538584044,-0.7635678511636108,1.0,64.0,51.0,1.0,180.0
2014279N11096,HUDHUD,2014-10-11T18:00:00Z,16.6,84.6,TRAIN,0.0,AVAILABLE,29.920000076293945,3.9200000762939453,1.0,17.16868037745903,120.62997831209088,8.669192171068445,25.732277718122987,9.577737121437092,1.0,71.0,61.0,1.0,0.0
2014279N11096,HUDHUD,2014-10-11T21:00:00Z,16.8,84.4,TRAIN,0.0,AVAILABLE,30.029998779296875,4.029998779296875,1.0,17.16868037745903,120.62997831209088,8.669192171068445,25.732277718122987,7.9502870924408136,1.0,71.0,61.0,1.0,180.0
2014279N11096,HUDHUD,2014-10-12T00:00:00Z,17.2,84.1,TRAIN,0.0,AVAILABLE,27.599998474121094,1.5999984741210938,1.0,13.76977559842541,131.56633479242464,9.761884393229295,22.427614229045762,-3.3989047790336198,1.0,78.0,63.0,1.0,0.0
2014279N11096,HUDHUD,2014-10-12T03:00:00Z,17.4,83.8,TRAIN,0.0,AVAILABLE,28.010000228881836,2.010000228881836,1.0,13.76977559842541,131.56633479242464,9.761884393229295,22.427614229045762,-3.3989047790336198,1.0,78.0,63.0,1.0,180.0
2014279N11096,HUDHUD,2014-10-12T06:00:00Z,17.6,83.4,TRAIN,0.0,AVAILABLE,28.849998474121094,2.8499984741210938,1.0,21.802290571422375,158.00890205112773,13.200987174817785,8.95014376811283,8.032514972996966,1.0,50.0,32.0,1.0,0.0
2014279N11096,HUDHUD,2014-10-12T09:00:00Z,17.8,83.1,TRAIN,0.0,AVAILABLE,,,0.0,21.802290571422375,158.00890205112773,13.200987174817785,8.95014376811283,8.032514972996966,1.0,50.0,32.0,1.0,180.0
2014279N11096,HUDHUD,2014-10-12T12:00:00Z,18.0,82.8,TRAIN,0.0,AVAILABLE,,,0.0,17.22251913811302,143.2594457758596,7.50333815228153,12.07063565019296,-4.579771433309354,1.0,59.0,48.0,1.0,0.0
2014279N11096,HUDHUD,2014-10-12T15:00:00Z,18.3,82.5,TRAIN,,UNAVAILABLE_MISSING_FUTURE,,,0.0,17.22251913811302,143.2594457758596,7.50333815228153,12.07063565019296,-4.579771433309354,1.0,59.0,48.0,1.0,180.0
2014279N11096,HUDHUD,2014-10-12T18:00:00Z,18.8,82.3,TRAIN,0.0,AVAILABLE,,,0.0,7.40192761987833,240.06827712986617,15.514255637806937,11.558943511783717,-9.820591518234693,1.0,97.0,59.0,1.0,0.0
2014279N11096,HUDHUD,2014-10-12T21:00:00Z,19.0,82.1,TRAIN,,UNAVAILABLE_MISSING_FUTURE,,,0.0,7.40192761987833,240.06827712986617,15.514255637806937,11.558943511783717,-9.820591518234693,1.0,97.0,59.0,1.0,180.0
2014279N11096,HUDHUD,2014-10-13T00:00:00Z,19.7,81.6,TRAIN,0.0,AVAILABLE,,,0.0,13.145047234001542,308.39512817912873,16.77797554120774,3.8338554983282087,5.743119614123212,1.0,82.0,50.0,1.0,0.0
2014279N11096,HUDHUD,2014-10-13T03:00:00Z,20.5,81.5,TRAIN,0.0,AVAILABLE,,,0.0,13.145047234001542,308.39512817912873,16.77797554120774,3.8338554983282087,5.743119614123212,1.0,82.0,50.0,1.0,180.0
2014279N11096,HUDHUD,2014-10-13T06:00:00Z,20.8,81.4,TRAIN,0.0,AVAILABLE,,,0.0,12.178150839662523,28.61045966596521,20.86351516470176,17.129006400485128,-0.9668963943390185,1.0,89.0,55.0,1.0,0.0
2014279N11096,HUDHUD,2014-10-13T09:00:00Z,21.1,81.4,TRAIN,0.0,AVAILABLE,,,0.0,12.178150839662523,28.61045966596521,20.86351516470176,17.129006400485128,-0.9668963943390185,1.0,89.0,55.0,1.0,180.0
2014279N11096,HUDHUD,2014-10-13T12:00:00Z,21.4,81.4,TRAIN,0.0,AVAILABLE,,,0.0,28.822018039363538,273.4798968257263,34.043918523616234,15.181917652904506,16.643867199701013,1.0,100.0,71.0,1.0,0.0
2014279N11096,HUDHUD,2014-10-13T15:00:00Z,21.7,81.5,TRAIN,,UNAVAILABLE_MISSING_CURRENT,,,0.0,28.822018039363538,273.4798968257263,34.043918523616234,15.181917652904506,16.643867199701013,1.0,100.0,71.0,1.0,180.0
2014279N11096,HUDHUD,2014-10-13T18:00:00Z,22.3,81.5,TRAIN,,UNAVAILABLE_MISSING_FUTURE,,,0.0,25.19586102665667,305.8973993670065,32.07815407373622,15.315710565750194,-3.6261570127068694,1.0,85.0,61.0,1.0,0.0
2014279N11096,HUDHUD,2014-10-13T21:00:00Z,23.6,81.5,TRAIN,,UNAVAILABLE_MISSING_CURRENT,,,0.0,25.19586102665667,305.8973993670065,32.07815407373622,15.315710565750194,-3.6261570127068694,1.0,85.0,61.0,1.0,180.0
2014279N11096,HUDHUD,2014-10-14T00:00:00Z,24.8,81.5,TRAIN,,UNAVAILABLE_MISSING_FUTURE,,,0.0,40.70022775720612,263.4180728939192,22.548608999382797,31.45905108983412,15.504366730549453,1.0,85.0,88.0,1.0,0.0
2014279N11096,HUDHUD,2014-10-14T03:00:00Z,25.1,81.6,TRAIN,,UNAVAILABLE_MISSING_FUTURE,,,0.0,40.70022775720612,263.4180728939192,22.548608999382797,31.45905108983412,15.504366730549453,1.0,85.0,88.0,1.0,180.0
2014279N11096,HUDHUD,2014-10-14T06:00:00Z,25.6,81.7,TRAIN,,UNAVAILABLE_MISSING_FUTURE,,,0.0,32.661770165437055,271.0230413364504,18.469583285260683,24.585577441718918,-8.038457591769067,1.0,96.0,79.0,1.0,0.0
2014279N11096,HUDHUD,2014-10-14T09:00:00Z,26.3,81.8,TRAIN,,UNAVAILABLE_MISSING_FUTURE,,,0.0,70.60198377599161,258.56632536180257,25.23257799817371,51.20323481781891,29.90175601878549,1.0,93.0,99.0,1.0,180.0
2014297N11062,NILOFAR,2014-10-23T12:00:00Z,10.8,62.1,TRAIN,0.0,AVAILABLE,28.6299991607666,2.6299991607666016,1.0,26.825748176347304,283.83487151873896,38.99963951237328,12.284734015830592,,1.0,62.0,47.0,1.0,0.0
2014297N11062,NILOFAR,2014-10-23T15:00:00Z,11.0,61.9,TRAIN,0.0,AVAILABLE,28.529998779296875,2.529998779296875,1.0,26.825748176347304,283.83487151873896,38.99963951237328,12.284734015830592,,1.0,62.0,47.0,1.0,180.0
2014297N11062,NILOFAR,2014-10-23T18:00:00Z,11.1,61.8,TRAIN,0.0,AVAILABLE,28.529998779296875,2.529998779296875,1.0,13.724425671594325,254.3890658337941,27.247818642285168,14.880241756700773,-13.101322504752979,1.0,60.0,43.0,1.0,0.0
2014297N11062,NILOFAR,2014-10-23T21:00:00Z,11.2,61.7,TRAIN,0.0,AVAILABLE,28.56999969482422,2.5699996948242188,1.0,13.724425671594325,254.3890658337941,27.247818642285168,14.880241756700773,-13.101322504752979,1.0,60.0,43.0,1.0,180.0
2014297N11062,NILOFAR,2014-10-24T00:00:00Z,11.3,61.6,TRAIN,0.0,AVAILABLE,28.28999900817871,2.289999008178711,1.0,18.145552419776045,225.86803840701265,26.862372422683887,13.093214563744482,4.42112674818172,1.0,78.0,60.0,1.0,0.0
2014297N11062,NILOFAR,2014-10-24T03:00:00Z,11.4,61.5,TRAIN,0.0,AVAILABLE,28.28999900817871,2.289999008178711,1.0,18.145552419776045,225.86803840701265,26.862372422683887,13.093214563744482,4.42112674818172,1.0,78.0,60.0,1.0,180.0
2014297N11062,NILOFAR,2014-10-24T06:00:00Z,11.6,61.5,TRAIN,0.0,AVAILABLE,28.229999542236328,2.229999542236328,1.0,11.235684254784072,239.88631918452649,22.475583121111303,13.05997200139487,-6.909868164991973,1.0,79.0,50.0,1.0,0.0
2014297N11062,NILOFAR,2014-10-24T09:00:00Z,11.7,61.6,TRAIN,0.0,AVAILABLE,28.229999542236328,2.229999542236328,1.0,11.235684254784072,239.88631918452649,22.475583121111303,13.05997200139487,-6.909868164991973,1.0,79.0,50.0,1.0,180.0
2014297N11062,NILOFAR,2014-10-24T12:00:00Z,11.8,61.7,TRAIN,0.0,AVAILABLE,28.209999084472656,2.2099990844726562,1.0,11.935279611461365,263.4537440017219,20.216935150086762,8.439512708064884,0.6995953566772926,1.0,87.0,47.0,1.0,0.0
2014297N11062,NILOFAR,2014-10-24T15:00:00Z,11.9,61.8,TRAIN,0.0,AVAILABLE,28.170000076293945,2.1700000762939453,1.0,11.935279611461365,263.4537440017219,20.216935150086762,8.439512708064884,0.6995953566772926,1.0,87.0,47.0,1.0,180.0
2014297N11062,NILOFAR,2014-10-24T18:00:00Z,12.0,62.0,TRAIN,0.0,AVAILABLE,28.189998626708984,2.1899986267089844,1.0,17.7050010647094,261.15812853255153,22.355056642131903,5.667231863240573,5.769721453248035,1.0,65.0,32.0,1.0,0.0
2014297N11062,NILOFAR,2014-10-24T21:00:00Z,12.1,62.2,TRAIN,0.0,AVAILABLE,28.189998626708984,2.1899986267089844,1.0,17.7050010647094,261.15812853255153,22.355056642131903,5.667231863240573,5.769721453248035,1.0,65.0,32.0,1.0,180.0
2014297N11062,NILOFAR,2014-10-25T00:00:00Z,12.3,62.1,TRAIN,0.0,AVAILABLE,28.139999389648438,2.1399993896484375,1.0,9.99521599699458,283.4957002148225,15.400614329336191,5.7565570256988625,-7.7097850677148205,1.0,56.0,31.0,1.0,0.0
2014297N11062,NILOFAR,2014-10-25T03:00:00Z,12.6,62.1,TRAIN,0.0,AVAILABLE,28.189998626708984,2.1899986267089844,1.0,9.99521599699458,283.4957002148225,15.400614329336191,5.7565570256988625,-7.7097850677148205,1.0,56.0,31.0,1.0,180.0
2014297N11062,NILOFAR,2014-10-25T06:00:00Z,12.7,62.0,TRAIN,0.0,AVAILABLE,28.189998626708984,2.1899986267089844,1.0,11.753439650356839,235.78422612821885,19.612620673394915,9.530792507164838,1.7582236533622595,1.0,56.0,46.0,1.0,0.0
2014297N11062,NILOFAR,2014-10-25T09:00:00Z,13.0,61.9,TRAIN,0.0,AVAILABLE,28.479999542236328,2.479999542236328,1.0,11.753439650356839,235.78422612821885,19.612620673394915,9.530792507164838,1.7582236533622595,1.0,56.0,46.0,1.0,180.0
2014297N11062,NILOFAR,2014-10-25T12:00:00Z,13.3,61.9,TRAIN,0.0,AVAILABLE,28.799999237060547,2.799999237060547,1.0,11.914682746598242,208.23735478417328,17.58723185364784,11.767900728128405,0.1612430962414031,1.0,42.0,31.0,1.0,0.0
2014297N11062,NILOFAR,2014-10-25T15:00:00Z,13.3,61.9,TRAIN,0.0,AVAILABLE,28.799999237060547,2.799999237060547,1.0,11.914682746598242,208.23735478417328,17.58723185364784,11.767900728128405,0.1612430962414031,1.0,42.0,31.0,1.0,180.0
2014297N11062,NILOFAR,2014-10-25T18:00:00Z,13.5,62.0,TRAIN,0.0,AVAILABLE,28.719999313354492,2.719999313354492,1.0,15.56169015075159,228.54475008616447,22.42256568255594,13.691338150124375,3.6470074041533476,1.0,42.0,38.0,1.0,0.0
2014297N11062,NILOFAR,2014-10-25T21:00:00Z,13.8,62.3,TRAIN,0.0,AVAILABLE,28.639999389648438,2.6399993896484375,1.0,14.784717808541211,230.86955359392113,16.31903018668034,7.34814717487319,2.8700350619429695,1.0,43.0,6.0,1.0,180.0
2014297N11062,NILOFAR,2014-10-26T00:00:00Z,14.1,62.5,TRAIN,1.0,AVAILABLE,28.6299991607666,2.6299991607666016,1.0,27.296990297030977,215.72740265619032,20.602915092176683,13.266644963146815,11.735300146279387,1.0,39.0,10.0,1.0,0.0
2014297N11062,NILOFAR,2014-10-26T03:00:00Z,14.1,62.5,TRAIN,1.0,AVAILABLE,28.6299991607666,2.6299991607666016,1.0,27.296990297030977,215.72740265619032,20.602915092176683,13.266644963146815,12.512272488489765,1.0,39.0,10.0,1.0,180.0
2014297N11062,NILOFAR,2014-10-26T06:00:00Z,14.2,62.5,TRAIN,1.0,AVAILABLE,28.6299991607666,2.6299991607666016,1.0,23.406975971523575,212.10623907276627,17.630151136266072,10.14156412422377,-3.8900143255074013,1.0,38.0,9.0,1.0,0.0
2014297N11062,NILOFAR,2014-10-26T09:00:00Z,14.2,62.5,TRAIN,1.0,AVAILABLE,28.6299991607666,2.6299991607666016,1.0,23.406975971523575,212.10623907276627,17.630151136266072,10.14156412422377,-3.8900143255074013,1.0,38.0,9.0,1.0,180.0
2014297N11062,NILOFAR,2014-10-26T12:00:00Z,14.3,62.5,TRAIN,1.0,AVAILABLE,28.649999618530273,2.6499996185302734,1.0,21.583673460665448,226.09470193764756,16.87678161580557,5.988175594020294,-1.8233025108581273,1.0,41.0,10.0,1.0,0.0
2014297N11062,NILOFAR,2014-10-26T15:00:00Z,14.3,62.5,TRAIN,1.0,AVAILABLE,28.649999618530273,2.6499996185302734,1.0,21.583673460665448,226.09470193764756,16.87678161580557,5.988175594020294,-1.8233025108581273,1.0,41.0,10.0,1.0,180.0
2014297N11062,NILOFAR,2014-10-26T18:00:00Z,14.5,62.5,TRAIN,0.0,AVAILABLE,28.670000076293945,2.6700000762939453,1.0,29.002384875612005,232.8996774758519,24.09898323106439,5.131871777630289,7.418711414946557,1.0,38.0,9.0,1.0,0.0
2014297N11062,NILOFAR,2014-10-26T21:00:00Z,14.6,62.4,TRAIN,0.0,AVAILABLE,28.549999237060547,2.549999237060547,1.0,29.002384875612005,232.8996774758519,24.09898323106439,5.131871777630289,7.418711414946557,1.0,38.0,9.0,1.0,180.0
2014297N11062,NILOFAR,2014-10-27T00:00:00Z,14.8,62.4,TRAIN,0.0,AVAILABLE,28.599998474121094,2.5999984741210938,1.0,26.49412141866114,251.16628379540768,21.209313051236016,5.309215405231588,-2.508263456950864,1.0,48.0,6.0,1.0,0.0
2014297N11062,NILOFAR,2014-10-27T03:00:00Z,14.8,62.3,TRAIN,0.0,AVAILABLE,28.599998474121094,2.5999984741210938,1.0,26.49412141866114,251.16628379540768,21.209313051236016,5.309215405231588,-2.508263456950864,1.0,48.0,6.0,1.0,180.0
2014297N11062,NILOFAR,2014-10-27T06:00:00Z,14.9,62.3,TRAIN,0.0,AVAILABLE,28.599998474121094,2.5999984741210938,1.0,11.914651292694504,236.30993247402023,14.002426778957343,4.955859806310081,-14.579470125966637,1.0,47.0,5.0,1.0,0.0
2014297N11062,NILOFAR,2014-10-27T09:00:00Z,14.9,62.2,TRAIN,0.0,AVAILABLE,28.53999900817871,2.539999008178711,1.0,11.914651292694504,236.30993247402023,14.002426778957343,4.955859806310081,-14.579470125966637,1.0,47.0,5.0,1.0,180.0
2014297N11062,NILOFAR,2014-10-27T12:00:00Z,15.0,62.2,TRAIN,1.0,AVAILABLE,28.65999984741211,2.6599998474121094,1.0,10.44986805040309,223.4924734872311,11.27597979544433,8.4395202228683,-1.4647832422914142,1.0,60.0,10.0,1.0,0.0
2014297N11062,NILOFAR,2014-10-27T15:00:00Z,15.1,62.1,TRAIN,1.0,AVAILABLE,28.65999984741211,2.6599998474121094,1.0,10.44986805040309,223.4924734872311,11.27597979544433,8.4395202228683,-1.4647832422914142,1.0,60.0,10.0,1.0,180.0
2014297N11062,NILOFAR,2014-10-27T18:00:00Z,15.2,62.1,TRAIN,1.0,AVAILABLE,28.65999984741211,2.6599998474121094,1.0,7.660324539702743,215.7067533253167,8.439516807044658,6.376269920125414,-2.789543510700347,1.0,52.0,9.0,1.0,0.0
2014297N11062,NILOFAR,2014-10-27T21:00:00Z,15.4,61.8,TRAIN,1.0,AVAILABLE,28.760000228881836,2.760000228881836,1.0,7.660324539702743,215.7067533253167,8.439516807044658,6.376269920125414,-2.789543510700347,1.0,52.0,9.0,1.0,180.0
2014297N11062,NILOFAR,2014-10-28T00:00:00Z,15.6,61.8,TRAIN,1.0,AVAILABLE,27.059999465942383,1.0599994659423828,1.0,8.085071076711904,189.68897354204378,9.65096662217894,14.369981248128683,0.42474653700916054,1.0,61.0,11.0,1.0,0.0
2014297N11062,NILOFAR,2014-10-28T03:00:00Z,15.8,61.7,TRAIN,0.0,AVAILABLE,27.31999969482422,1.3199996948242188,1.0,8.085071076711904,189.68897354204378,9.65096662217894,14.369981248128683,0.42474653700916054,1.0,61.0,11.0,1.0,180.0
2014297N11062,NILOFAR,2014-10-28T06:00:00Z,16.0,61.7,TRAIN,0.0,AVAILABLE,27.40999984741211,1.4099998474121094,1.0,5.566331809905856,257.90513630555955,11.47527544371184,9.061325964601373,-2.5187392668060475,1.0,71.0,17.0,1.0,0.0
2014297N11062,NILOFAR,2014-10-28T09:00:00Z,16.3,61.7,TRAIN,0.0,AVAILABLE,27.51999855041504,1.519998550415039,1.0,26.53328992629363,259.01931995927174,16.006937812777018,16.35718609855797,18.44821884958173,1.0,72.0,8.0,1.0,180.0
2014297N11062,NILOFAR,2014-10-28T12:00:00Z,16.8,61.8,TRAIN,0.0,AVAILABLE,28.559999465942383,2.559999465942383,1.0,18.81616206901256,213.1976105784579,10.446251117860786,23.314780287905005,13.249830259106703,1.0,71.0,9.0,1.0,0.0
2014297N11062,NILOFAR,2014-10-28T15:00:00Z,17.2,61.8,TRAIN,0.0,AVAILABLE,28.579999923706055,2.5799999237060547,1.0,18.81616206901256,213.1976105784579,10.446251117860786,23.314780287905005,-7.717127857281071,1.0,71.0,9.0,1.0,180.0
2014297N11062,NILOFAR,2014-10-28T18:00:00Z,17.7,61.7,TRAIN,0.0,AVAILABLE,28.420000076293945,2.4200000762939453,1.0,26.482000535010684,220.2363432357628,9.556540738700571,20.864429633980183,7.6658384659981245,1.0,63.0,10.0,1.0,0.0
2014297N11062,NILOFAR,2014-10-28T21:00:00Z,17.9,61.7,TRAIN,0.0,AVAILABLE,28.44999885559082,2.4499988555908203,1.0,26.482000535010684,220.2363432357628,9.556540738700571,20.864429633980183,7.6658384659981245,1.0,63.0,10.0,1.0,180.0
2014297N11062,NILOFAR,2014-10-29T00:00:00Z,18.1,61.8,TRAIN,0.0,AVAILABLE,25.350000381469727,0.0,1.0,26.52548063156191,236.65931378121087,10.317036909826765,26.040247291559094,0.043480096551224534,1.0,52.0,13.0,1.0,0.0
2014297N11062,NILOFAR,2014-10-29T03:00:00Z,18.5,61.8,TRAIN,0.0,AVAILABLE,25.389999389648438,0.0,1.0,26.52548063156191,236.65931378121087,10.317036909826765,26.040247291559094,0.043480096551224534,1.0,52.0,13.0,1.0,180.0
2014297N11062,NILOFAR,2014-10-29T06:00:00Z,18.7,61.9,TRAIN,0.0,AVAILABLE,25.389999389648438,0.0,1.0,26.64839352363218,272.09015961889344,15.016745756717238,24.87056361786954,0.12291289207027134,1.0,59.0,17.0,1.0,0.0
2014297N11062,NILOFAR,2014-10-29T09:00:00Z,18.8,62.0,TRAIN,0.0,AVAILABLE,25.719999313354492,0.0,1.0,41.735227181035434,254.60446724584173,15.787095193631572,34.71708559828675,15.209746549473525,1.0,55.0,9.0,1.0,180.0
2014297N11062,NILOFAR,2014-10-29T12:00:00Z,19.0,62.2,TRAIN,0.0,AVAILABLE,26.1299991607666,0.12999916076660156,1.0,26.57099630388737,247.18665122334542,11.695400757854594,29.2850182149952,-0.07739721974481029,1.0,61.0,14.0,1.0,0.0
2014297N11062,NILOFAR,2014-10-29T15:00:00Z,19.2,62.5,TRAIN,0.0,AVAILABLE,26.479999542236328,0.4799995422363281,1.0,26.57099630388737,247.18665122334542,11.695400757854594,29.2850182149952,-15.164230877148064,1.0,61.0,14.0,1.0,180.0
2014297N11062,NILOFAR,2014-10-29T18:00:00Z,19.3,62.9,TRAIN,0.0,AVAILABLE,26.649999618530273,0.6499996185302734,1.0,37.03317021653121,265.78583978343795,10.467922951233376,28.004853557914686,10.462173912643841,1.0,74.0,21.0,1.0,0.0
2014297N11062,NILOFAR,2014-10-29T21:00:00Z,19.4,63.2,TRAIN,0.0,AVAILABLE,26.26999855041504,0.26999855041503906,1.0,37.03317021653121,265.78583978343795,10.467922951233376,28.004853557914686,10.462173912643841,1.0,74.0,21.0,1.0,180.0
2014297N11062,NILOFAR,2014-10-30T00:00:00Z,19.6,63.6,TRAIN,0.0,AVAILABLE,26.28999900817871,0.28999900817871094,1.0,35.161577588020144,234.90416504367653,6.78121995333258,28.457908749490105,-1.871592628511067,1.0,81.0,21.0,1.0,0.0
2014297N11062,NILOFAR,2014-10-30T03:00:00Z,19.8,63.9,TRAIN,0.0,AVAILABLE,26.349998474121094,0.34999847412109375,1.0,30.73119402343418,246.5158745655965,7.075687718841297,29.857477911594586,-6.30197619309703,1.0,76.0,37.0,1.0,180.0
2014297N11062,NILOFAR,2014-10-30T06:00:00Z,20.1,64.2,TRAIN,0.0,AVAILABLE,26.349998474121094,0.34999847412109375,1.0,29.5624115974102,271.88405060908667,8.014679039630058,25.048437211493376,-5.599165990609944,1.0,81.0,33.0,1.0,0.0
2014297N11062,NILOFAR,2014-10-30T09:00:00Z,20.1,64.4,TRAIN,0.0,AVAILABLE,26.399999618530273,0.39999961853027344,1.0,29.5624115974102,271.88405060908667,8.014679039630058,25.048437211493376,-1.1687824260239807,1.0,81.0,33.0,1.0,180.0
2014297N11062,NILOFAR,2014-10-30T12:00:00Z,20.3,64.6,TRAIN,0.0,AVAILABLE,26.299999237060547,0.2999992370605469,1.0,31.836951268414957,229.20893864439654,1.9535377668523968,30.525162884962565,2.2745396710047565,1.0,75.0,27.0,1.0,0.0
2014297N11062,NILOFAR,2014-10-30T15:00:00Z,20.4,64.6,TRAIN,0.0,AVAILABLE,26.299999237060547,0.2999992370605469,1.0,31.836951268414957,229.20893864439654,1.9535377668523968,30.525162884962565,2.2745396710047565,1.0,75.0,27.0,1.0,180.0
2014297N11062,NILOFAR,2014-10-30T18:00:00Z,20.5,64.8,TRAIN,0.0,AVAILABLE,26.420000076293945,0.4200000762939453,1.0,32.10640657702581,255.62720080569449,3.774255351336971,31.010247102112892,0.2694553086108513,1.0,68.0,25.0,1.0,0.0
2014297N11062,NILOFAR,2014-10-30T21:00:00Z,20.6,64.9,TRAIN,0.0,AVAILABLE,26.420000076293945,0.4200000762939453,1.0,32.10640657702581,255.62720080569449,3.774255351336971,31.010247102112892,0.2694553086108513,1.0,68.0,25.0,1.0,180.0
2014297N11062,NILOFAR,2014-10-31T00:00:00Z,20.7,65.0,TRAIN,0.0,AVAILABLE,26.899999618530273,0.8999996185302734,1.0,40.09882846637114,263.5984974533551,3.8289374291033247,36.845972509253784,7.99242188934533,1.0,63.0,15.0,1.0,0.0
2014297N11062,NILOFAR,2014-10-31T03:00:00Z,20.8,65.1,TRAIN,0.0,AVAILABLE,26.809999465942383,0.8099994659423828,1.0,40.09882846637114,263.5984974533551,3.8289374291033247,36.845972509253784,7.99242188934533,1.0,63.0,15.0,1.0,180.0
2014297N11062,NILOFAR,2014-10-31T06:00:00Z,21.0,65.1,TRAIN,0.0,AVAILABLE,26.76999855041504,0.7699985504150391,1.0,43.76413241872576,254.54399885997412,4.781212000408604,40.33933373451184,3.66530395235462,1.0,48.0,3.0,1.0,0.0
2014297N11062,NILOFAR,2014-10-31T09:00:00Z,21.2,65.1,TRAIN,0.0,AVAILABLE,26.76999855041504,0.7699985504150391,1.0,43.76413241872576,254.54399885997412,4.781212000408604,40.33933373451184,3.66530395235462,1.0,48.0,3.0,1.0,180.0
2014297N11062,NILOFAR,2014-10-31T12:00:00Z,21.4,65.0,TRAIN,0.0,AVAILABLE,26.959999084472656,0.9599990844726562,1.0,71.37113894879005,254.03316124386578,11.882930104014921,59.810100697243506,27.60700653006429,1.0,51.0,10.0,1.0,0.0
2014297N11062,NILOFAR,2014-10-31T15:00:00Z,21.6,64.9,TRAIN,0.0,AVAILABLE,27.35999870300293,1.3599987030029297,1.0,71.37113894879005,254.03316124386578,11.882930104014921,59.810100697243506,27.60700653006429,1.0,51.0,10.0,1.0,180.0
2014297N11062,NILOFAR,2014-10-31T18:00:00Z,21.7,64.7,TRAIN,,UNAVAILABLE_MISSING_FUTURE,27.51999855041504,1.519998550415039,1.0,65.37158906225946,261.9662541048101,11.470347205244627,54.07241859353525,-5.999549886530588,1.0,49.0,5.0,1.0,0.0
2014297N11062,NILOFAR,2014-10-31T21:00:00Z,21.7,64.5,TRAIN,,UNAVAILABLE_MISSING_FUTURE,27.51999855041504,1.519998550415039,1.0,65.37158906225946,261.9662541048101,11.470347205244627,54.07241859353525,-5.999549886530588,1.0,49.0,5.0,1.0,180.0
2014297N11062,NILOFAR,2014-11-01T00:00:00Z,21.7,64.2,TRAIN,,UNAVAILABLE_MISSING_FUTURE,27.420000076293945,1.4200000762939453,1.0,71.5664776182887,255.85052275269035,12.284734015830592,60.058492438548924,6.194888556029241,1.0,54.0,12.0,1.0,0.0
2014297N11062,NILOFAR,2014-11-01T03:00:00Z,21.7,64.0,TRAIN,,UNAVAILABLE_MISSING_FUTURE,27.420000076293945,1.4200000762939453,1.0,71.5664776182887,255.85052275269035,12.284734015830592,60.058492438548924,6.194888556029241,1.0,54.0,12.0,1.0,180.0
2014297N11062,NILOFAR,2014-11-01T06:00:00Z,21.7,63.8,TRAIN,,UNAVAILABLE_MISSING_FUTURE,27.489999771118164,1.489999771118164,1.0,72.13785970670183,268.6103340822264,13.74781326194386,61.36147302159851,0.5713820884131309,1.0,72.0,10.0,1.0,0.0
2014297N11062,NILOFAR,2014-11-01T09:00:00Z,21.7,63.6,TRAIN,,UNAVAILABLE_MISSING_FUTURE,27.439998626708984,1.4399986267089844,1.0,77.38943303346925,271.43928951756794,12.84263241795181,64.58508685932951,5.8229554151805445,1.0,35.0,9.0,1.0,180.0
2014297N11062,NILOFAR,2014-11-01T12:00:00Z,21.7,63.3,TRAIN,,UNAVAILABLE_MISSING_FUTURE,27.389999389648438,1.3899993896484375,1.0,64.74052801314383,277.7651660184253,7.571042741480108,58.867351922165106,-7.397331693558002,1.0,37.0,8.0,1.0,0.0
2015301N11065,CHAPALA,2015-10-27T12:00:00Z,10.7,65.1,TEST,0.0,AVAILABLE,29.099998474121094,3.0999984741210938,1.0,15.822934786834173,232.98936107198068,16.0881862260208,6.95450947646988,,1.0,39.0,7.0,1.0,0.0
2015301N11065,CHAPALA,2015-10-27T15:00:00Z,10.9,65.0,TEST,0.0,AVAILABLE,28.94999885559082,2.9499988555908203,1.0,15.822934786834173,232.98936107198068,16.0881862260208,6.95450947646988,,1.0,39.0,7.0,1.0,180.0
2015301N11065,CHAPALA,2015-10-27T18:00:00Z,11.1,64.9,TEST,0.0,AVAILABLE,29.029998779296875,3.029998779296875,1.0,1.9438444924406157,180.00000000000006,10.754571352334963,11.134338996511158,-13.879090294393556,1.0,62.0,18.0,1.0,0.0
2015301N11065,CHAPALA,2015-10-27T21:00:00Z,11.3,64.8,TEST,0.0,AVAILABLE,28.94999885559082,2.9499988555908203,1.0,8.20340658886517,216.32675231966496,14.734804566106273,10.69821337776844,-7.619528197969004,1.0,84.0,3.0,1.0,180.0
2015301N11065,CHAPALA,2015-10-28T00:00:00Z,11.6,64.7,TEST,0.0,AVAILABLE,28.75,2.75,1.0,19.462722777207983,214.0074392225943,20.084723880112275,13.997036351218831,17.518878284767368,1.0,91.0,2.0,1.0,0.0
2015301N11065,CHAPALA,2015-10-28T03:00:00Z,11.8,64.7,TEST,0.0,AVAILABLE,28.6299991607666,2.6299991607666016,1.0,19.462722777207983,214.0074392225943,20.084723880112275,13.997036351218831,11.259316188342813,1.0,91.0,2.0,1.0,180.0
2015301N11065,CHAPALA,2015-10-28T06:00:00Z,12.0,64.8,TEST,0.0,AVAILABLE,28.469999313354492,2.469999313354492,1.0,21.654480383237797,196.15727716559442,17.543128250567094,19.462739366476356,2.191757606029814,1.0,68.0,1.0,1.0,0.0
2015301N11065,CHAPALA,2015-10-28T09:00:00Z,12.4,64.8,TEST,0.0,AVAILABLE,28.489999771118164,2.489999771118164,1.0,21.654480383237797,196.15727716559442,17.543128250567094,19.462739366476356,2.191757606029814,1.0,68.0,1.0,1.0,180.0
2015301N11065,CHAPALA,2015-10-28T12:00:00Z,12.7,64.8,TEST,0.0,AVAILABLE,28.579999923706055,2.5799999237060547,1.0,12.612527026364921,204.59011508955672,9.99521599699458,14.507369210069186,-9.041953356872876,1.0,56.0,2.0,1.0,0.0
2015301N11065,CHAPALA,2015-10-28T15:00:00Z,12.9,64.8,TEST,0.0,AVAILABLE,28.75,2.75,1.0,12.612527026364921,204.59011508955672,9.99521599699458,14.507369210069186,-9.041953356872876,1.0,56.0,2.0,1.0,180.0
2015301N11065,CHAPALA,2015-10-28T18:00:00Z,13.1,64.6,TEST,1.0,AVAILABLE,29.149999618530273,3.1499996185302734,1.0,11.011502858495982,200.67441386322636,8.164140936107923,11.154690083128674,-1.601024167868939,1.0,53.0,7.0,1.0,0.0
2015301N11065,CHAPALA,2015-10-28T21:00:00Z,13.3,64.4,TEST,1.0,AVAILABLE,29.229999542236328,3.229999542236328,1.0,11.011502858495982,200.67441386322636,8.164140936107923,11.154690083128674,-1.601024167868939,1.0,53.0,7.0,1.0,180.0
2015301N11065,CHAPALA,2015-10-29T00:00:00Z,13.6,64.3,TEST,1.0,AVAILABLE,28.369998931884766,2.3699989318847656,1.0,19.493755952842864,189.1805819458673,7.4401398641450776,17.16314987925111,8.482253094346882,1.0,50.0,4.0,1.0,0.0
2015301N11065,CHAPALA,2015-10-29T03:00:00Z,13.7,64.1,TEST,1.0,AVAILABLE,28.219999313354492,2.219999313354492,1.0,19.493755952842864,189.1805819458673,7.4401398641450776,17.16314987925111,8.482253094346882,1.0,50.0,4.0,1.0,180.0
2015301N11065,CHAPALA,2015-10-29T06:00:00Z,13.9,63.8,TEST,1.0,AVAILABLE,27.959999084472656,1.9599990844726562,1.0,18.218311209315697,230.19447668168775,15.387115544429935,10.777385556068008,-1.2754447435271672,1.0,52.0,0.0,1.0,0.0
2015301N11065,CHAPALA,2015-10-29T09:00:00Z,14.0,63.5,TEST,1.0,AVAILABLE,27.809999465942383,1.8099994659423828,1.0,18.03904216063837,232.88308652789448,20.351043484878957,7.011334650309671,-1.454713792204494,1.0,54.0,0.0,1.0,180.0
2015301N11065,CHAPALA,2015-10-29T12:00:00Z,14.2,63.2,TEST,1.0,AVAILABLE,28.01999855041504,2.019998550415039,1.0,6.223323142116257,255.52961207622002,14.04418499175896,8.421588871311574,-11.99498806719944,1.0,44.0,0.0,1.0,0.0
2015301N11065,CHAPALA,2015-10-29T15:00:00Z,14.3,62.8,TEST,1.0,AVAILABLE,28.639999389648438,2.6399993896484375,1.0,6.223323142116257,255.52961207622002,14.04418499175896,8.421588871311574,-11.815719018522113,1.0,44.0,0.0,1.0,180.0
2015301N11065,CHAPALA,2015-10-29T18:00:00Z,14.3,62.5,TEST,1.0,AVAILABLE,28.969999313354492,2.969999313354492,1.0,15.769126204562188,239.64184734416807,15.039382357848394,4.385507284664875,9.54580306244593,1.0,45.0,0.0,1.0,0.0
2015301N11065,CHAPALA,2015-10-29T21:00:00Z,14.3,62.2,TEST,1.0,AVAILABLE,30.149999618530273,4.149999618530273,1.0,15.769126204562188,239.64184734416807,15.039382357848394,4.385507284664875,9.54580306244593,1.0,45.0,0.0,1.0,180.0
2015301N11065,CHAPALA,2015-10-30T00:00:00Z,14.3,61.8,TEST,0.0,AVAILABLE,30.56999969482422,4.569999694824219,1.0,15.550732210958898,233.13014606743337,10.265632072164946,6.611908148876426,-0.21839399360328926,1.0,54.0,0.0,1.0,0.0
2015301N11065,CHAPALA,2015-10-30T03:00:00Z,14.2,61.5,TEST,0.0,AVAILABLE,30.94999885559082,4.94999885559082,1.0,15.550732210958898,233.13014606743337,10.265632072164946,6.611908148876426,-0.21839399360328926,1.0,54.0,0.0,1.0,180.0
2015301N11065,CHAPALA,2015-10-30T06:00:00Z,14.2,61.1,TEST,0.0,AVAILABLE,30.28999900817871,4.289999008178711,1.0,11.193590808665542,249.67689480831933,11.12757742714941,0.19436665281621218,-4.357141402293356,1.0,49.0,0.0,1.0,0.0
2015301N11065,CHAPALA,2015-10-30T09:00:00Z,14.1,60.8,TEST,0.0,AVAILABLE,29.809999465942383,3.809999465942383,1.0,11.193590808665542,249.67689480831933,11.12757742714941,0.19436665281621218,-4.357141402293356,1.0,49.0,0.0,1.0,180.0
2015301N11065,CHAPALA,2015-10-30T12:00:00Z,14.1,60.6,TEST,0.0,AVAILABLE,29.389999389648438,3.3899993896484375,1.0,8.288167160817785,230.71065084470268,8.801130263848462,6.643278212139312,-2.9054236478477566,1.0,54.0,0.0,1.0,0.0
2015301N11065,CHAPALA,2015-10-30T15:00:00Z,14.0,60.4,TEST,0.0,AVAILABLE,28.84000015258789,2.8400001525878906,1.0,8.288167160817785,230.71065084470268,8.801130263848462,6.643278212139312,-2.9054236478477566,1.0,54.0,0.0,1.0,180.0
2015301N11065,CHAPALA,2015-10-30T18:00:00Z,13.9,60.2,TEST,0.0,AVAILABLE,28.60999870300293,2.6099987030029297,1.0,13.297955330053897,195.2551299115624,8.736508924274286,5.566331809905845,5.009788169236112,1.0,49.0,0.0,1.0,0.0
2015301N11065,CHAPALA,2015-10-30T21:00:00Z,13.9,59.9,TEST,0.0,AVAILABLE,28.53999900817871,2.539999008178711,1.0,13.297955330053897,195.2551299115624,8.736508924274286,5.566331809905845,5.009788169236112,1.0,49.0,0.0,1.0,180.0
2015301N11065,CHAPALA,2015-10-31T00:00:00Z,13.8,59.6,TEST,0.0,AVAILABLE,28.559999465942383,2.559999465942383,1.0,11.364422649070102,192.84774066826654,4.346565769890611,7.0247831790663895,-1.9335326809837952,1.0,61.0,0.0,1.0,0.0
2015301N11065,CHAPALA,2015-10-31T03:00:00Z,13.8,59.2,TEST,0.0,AVAILABLE,28.76999855041504,2.769998550415039,1.0,11.364422649070102,192.84774066826654,4.346565769890611,7.0247831790663895,-1.9335326809837952,1.0,61.0,0.0,1.0,180.0
2015301N11065,CHAPALA,2015-10-31T06:00:00Z,13.8,58.7,TEST,0.0,AVAILABLE,28.93000030517578,2.9300003051757812,1.0,13.388581032887412,205.82094774504162,7.024790565812964,10.348125550658743,2.0241583838173103,1.0,71.0,0.0,1.0,0.0
2015301N11065,CHAPALA,2015-10-31T09:00:00Z,13.8,58.3,TEST,0.0,AVAILABLE,29.0,3.0,1.0,13.388581032887412,205.82094774504162,7.024790565812964,10.348125550658743,2.0241583838173103,1.0,71.0,0.0,1.0,180.0
2015301N11065,CHAPALA,2015-10-31T12:00:00Z,13.8,57.9,TEST,0.0,AVAILABLE,29.09000015258789,3.0900001525878906,1.0,9.56246379481203,206.56497169862334,4.39843476959908,5.5663255951452495,-3.8261172380753816,1.0,62.0,0.0,1.0,0.0
2015301N11065,CHAPALA,2015-10-31T15:00:00Z,13.8,57.5,TEST,0.0,AVAILABLE,29.049999237060547,3.049999237060547,1.0,9.56246379481203,206.56497169862334,4.39843476959908,5.5663255951452495,-3.8261172380753816,1.0,62.0,0.0,1.0,180.0
2015301N11065,CHAPALA,2015-10-31T18:00:00Z,13.8,57.2,TEST,0.0,AVAILABLE,28.69999885559082,2.6999988555908203,1.0,11.026928613024648,220.71080320248421,4.669292976665114,7.912643601687309,1.4644648182126172,1.0,61.0,1.0,1.0,0.0
2015301N11065,CHAPALA,2015-10-31T21:00:00Z,13.7,56.8,TEST,0.0,AVAILABLE,28.53999900817871,2.539999008178711,1.0,5.740082703403365,241.6992642859995,9.218410797382502,3.911924845203822,-3.8223810914086656,1.0,69.0,0.0,1.0,180.0
2015301N11065,CHAPALA,2015-11-01T00:00:00Z,13.7,56.4,TEST,0.0,AVAILABLE,26.329999923706055,0.3299999237060547,1.0,7.62074992688713,95.85593395159754,2.922237853085926,7.689873532966497,-3.406178686137518,1.0,56.0,2.0,1.0,0.0
2015301N11065,CHAPALA,2015-11-01T03:00:00Z,13.6,56.1,TEST,0.0,AVAILABLE,26.59000015258789,0.5900001525878906,1.0,8.835401812346104,140.35588428636675,7.4401398641450776,8.166454992917487,3.095319108942739,1.0,77.0,1.0,1.0,180.0
2015301N11065,CHAPALA,2015-11-01T06:00:00Z,13.6,55.7,TEST,0.0,AVAILABLE,27.18000030517578,1.1800003051757812,1.0,2.526992364349859,202.61991667976284,11.2625827380834,9.684190771610528,-5.09375756253727,1.0,83.0,2.0,1.0,0.0
2015301N11065,CHAPALA,2015-11-01T09:00:00Z,13.5,55.2,TEST,0.0,AVAILABLE,27.459999084472656,1.4599990844726562,1.0,2.526992364349859,202.61991667976284,11.2625827380834,9.684190771610528,-6.308409447996246,1.0,83.0,2.0,1.0,180.0
2015301N11065,CHAPALA,2015-11-01T12:00:00Z,13.6,54.7,TEST,0.0,AVAILABLE,27.219999313354492,1.2199993133544922,1.0,7.376380595490518,108.43487596766352,4.406995829990201,10.31887320908647,4.84938823114066,1.0,69.0,3.0,1.0,0.0
2015301N11065,CHAPALA,2015-11-01T15:00:00Z,13.5,54.2,TEST,0.0,AVAILABLE,26.94999885559082,0.9499988555908203,1.0,7.376380595490518,108.43487596766352,4.406995829990201,10.31887320908647,4.84938823114066,1.0,69.0,3.0,1.0,180.0
2015301N11065,CHAPALA,2015-11-01T18:00:00Z,13.4,53.7,TEST,0.0,AVAILABLE,26.75,0.75,1.0,10.611322578028027,151.5571711239333,9.467156438820279,8.173391821553333,3.2349419825375083,1.0,82.0,3.0,1.0,0.0
2015301N11065,CHAPALA,2015-11-01T21:00:00Z,13.3,53.1,TEST,0.0,AVAILABLE,26.06999969482422,0.06999969482421875,1.0,10.611322578028027,151.5571711239333,9.467156438820279,8.173391821553333,3.2349419825375083,1.0,82.0,3.0,1.0,180.0
2015301N11065,CHAPALA,2015-11-02T00:00:00Z,13.2,52.6,TEST,0.0,AVAILABLE,25.979999542236328,0.0,1.0,12.948106404157208,125.83774753322729,7.317240386720889,12.648439700281305,2.3367838261291816,1.0,57.0,9.0,1.0,0.0
2015301N11065,CHAPALA,2015-11-02T03:00:00Z,13.2,52.2,TEST,0.0,AVAILABLE,26.889999389648438,0.8899993896484375,1.0,12.948106404157208,125.83774753322729,7.317240386720889,12.648439700281305,2.3367838261291816,1.0,57.0,9.0,1.0,180.0
2015301N11065,CHAPALA,2015-11-02T06:00:00Z,13.3,51.6,TEST,0.0,AVAILABLE,27.549999237060547,1.5499992370605469,1.0,8.410360477404218,146.310044559132,7.670204141382602,13.563806238815577,-4.53774592675299,1.0,62.0,10.0,1.0,0.0
2015301N11065,CHAPALA,2015-11-02T09:00:00Z,13.3,51.0,TEST,0.0,AVAILABLE,27.81999969482422,1.8199996948242188,1.0,2.5269923643498555,202.61991667976292,10.348114407414585,8.546282542130786,-10.421114039807353,1.0,95.0,12.0,1.0,180.0
2015301N11065,CHAPALA,2015-11-02T12:00:00Z,13.4,50.6,TEST,0.0,AVAILABLE,26.65999984741211,0.6599998474121094,1.0,3.504315494511442,33.69006752597983,7.442656563409247,7.3275416595867275,-4.906044982892777,1.0,77.0,23.0,1.0,0.0
2015301N11065,CHAPALA,2015-11-02T15:00:00Z,13.5,50.0,TEST,0.0,AVAILABLE,26.209999084472656,0.20999908447265625,1.0,3.504315494511442,33.69006752597983,7.442656563409247,7.3275416595867275,0.9773231301615866,1.0,77.0,23.0,1.0,180.0
2015301N11065,CHAPALA,2015-11-02T18:00:00Z,13.7,49.6,TEST,0.0,AVAILABLE,26.849998474121094,0.8499984741210938,1.0,1.6721534320728975,125.53779593612785,9.652897974069168,11.30106463457664,-1.8321620624385446,1.0,76.0,25.0,1.0,0.0
2015301N11065,CHAPALA,2015-11-02T21:00:00Z,13.8,49.3,TEST,,UNAVAILABLE_MISSING_FUTURE,26.920000076293945,0.9200000762939453,1.0,5.834771725856291,181.9089777742012,12.953935548392657,16.219170536358945,2.3304562313448485,1.0,58.0,16.0,1.0,180.0
2015301N11065,CHAPALA,2015-11-03T00:00:00Z,14.0,48.9,TEST,0.0,AVAILABLE,26.459999084472656,0.45999908447265625,1.0,7.011313269892983,223.87679808521125,15.803844557949153,15.907489894505057,5.339159837820086,1.0,53.0,19.0,1.0,0.0
2015301N11065,CHAPALA,2015-11-03T03:00:00Z,14.1,48.4,TEST,0.0,AVAILABLE,,,0.0,9.761884393229304,257.3473603021365,16.7215715589692,9.637234709832457,3.927112667373013,1.0,70.0,27.0,1.0,180.0
2015301N11065,CHAPALA,2015-11-03T06:00:00Z,14.1,47.9,TEST,,UNAVAILABLE_MISSING_FUTURE,,,0.0,10.353592984752181,219.66797979263902,10.287711301974621,12.210668590605485,3.342279714859198,1.0,73.0,33.0,1.0,0.0
2015301N11065,CHAPALA,2015-11-03T09:00:00Z,14.1,47.6,TEST,,UNAVAILABLE_MISSING_FUTURE,,,0.0,10.353592984752181,219.66797979263902,10.287711301974621,12.210668590605485,0.5917085915228775,1.0,73.0,33.0,1.0,180.0
2015301N11065,CHAPALA,2015-11-03T12:00:00Z,14.1,47.4,TEST,,UNAVAILABLE_MISSING_FUTURE,,,0.0,9.210230263897811,225.8551480217185,9.761889118220285,14.417235226817002,-1.1433627208543697,1.0,77.0,25.0,1.0,0.0
2015301N11065,CHAPALA,2015-11-03T15:00:00Z,14.2,47.2,TEST,,UNAVAILABLE_MISSING_FUTURE,,,0.0,9.210230263897811,225.8551480217185,9.761889118220285,14.417235226817002,-1.1433627208543697,1.0,77.0,25.0,1.0,180.0
2015301N11065,CHAPALA,2015-11-03T18:00:00Z,14.3,47.1,TEST,,UNAVAILABLE_MISSING_FUTURE,,,0.0,8.56176437306831,272.60251713742633,10.78263907508936,9.783155613332514,-0.6484658908295007,1.0,64.0,25.0,1.0,0.0
2015301N11065,CHAPALA,2015-11-03T21:00:00Z,14.5,46.8,TEST,,UNAVAILABLE_MISSING_CURRENT,,,0.0,8.56176437306831,272.60251713742633,10.78263907508936,9.783155613332514,-0.6484658908295007,1.0,64.0,25.0,1.0,180.0
2015301N11065,CHAPALA,2015-11-04T00:00:00Z,14.8,46.5,TEST,,UNAVAILABLE_MISSING_FUTURE,,,0.0,10.94784358955936,286.50424562180325,11.601339534109616,8.140976230690628,2.3860792164910496,1.0,69.0,32.0,1.0,0.0
2015309N14067,MEGH,2015-11-04T12:00:00Z,14.0,66.9,VAL,0.0,AVAILABLE,29.17999839782715,3.1799983978271484,1.0,5.844477679068237,273.81401680790054,12.173502415564423,8.085087478296003,,1.0,79.0,8.0,1.0,0.0
2015309N14067,MEGH,2015-11-04T15:00:00Z,14.0,66.6,VAL,0.0,AVAILABLE,29.06999969482422,3.0699996948242188,1.0,5.844477679068237,273.81401680790054,12.173502415564423,8.085087478296003,,1.0,79.0,8.0,1.0,180.0
2015309N14067,MEGH,2015-11-04T18:00:00Z,14.0,66.4,VAL,0.0,AVAILABLE,29.0,3.0,1.0,4.66521491757222,5.684341886080802e-14,8.486372901505227,4.406995829990201,-1.179262761496017,1.0,76.0,9.0,1.0,0.0
2015309N14067,MEGH,2015-11-04T21:00:00Z,14.1,66.1,VAL,0.0,AVAILABLE,29.119998931884766,3.1199989318847656,1.0,5.921554558723402,336.8014848539168,6.770042319482086,3.1403812916742497,0.07707687965516552,1.0,78.0,9.0,1.0,180.0
2015309N14067,MEGH,2015-11-05T00:00:00Z,14.1,65.8,VAL,0.0,AVAILABLE,29.03999900817871,3.039999008178711,1.0,9.806292404331183,309.36933441850164,8.201081867695272,5.473922321412444,5.141077486758963,1.0,82.0,7.0,1.0,0.0
2015309N14067,MEGH,2015-11-05T03:00:00Z,14.1,65.4,VAL,0.0,AVAILABLE,28.979999542236328,2.979999542236328,1.0,9.806292404331183,309.36933441850164,8.201081867695272,5.473922321412444,3.8847378456077806,1.0,82.0,7.0,1.0,180.0
2015309N14067,MEGH,2015-11-05T06:00:00Z,14.0,64.8,VAL,0.0,AVAILABLE,28.84000015258789,2.8400001525878906,1.0,6.376269920125414,322.4313104693716,7.670199631279636,5.362346080932927,-3.430022484205769,1.0,75.0,8.0,1.0,0.0
2015309N14067,MEGH,2015-11-05T09:00:00Z,14.0,64.3,VAL,0.0,AVAILABLE,28.309999465942383,2.309999465942383,1.0,6.376269920125414,322.4313104693716,7.670199631279636,5.362346080932927,-3.430022484205769,1.0,75.0,8.0,1.0,180.0
2015309N14067,MEGH,2015-11-05T12:00:00Z,14.0,64.0,VAL,0.0,AVAILABLE,28.079999923706055,2.0799999237060547,1.0,8.975440352802812,17.650017602501748,7.934130712667716,7.024790565812964,2.599170432677398,1.0,70.0,11.0,1.0,0.0
2015309N14067,MEGH,2015-11-05T15:00:00Z,13.9,63.6,VAL,0.0,AVAILABLE,28.119998931884766,2.1199989318847656,1.0,8.581589384511743,13.091884092939722,6.714002972325567,10.032944728331668,2.2053194643863288,1.0,66.0,14.0,1.0,180.0
2015309N14067,MEGH,2015-11-05T18:00:00Z,13.8,63.3,VAL,0.0,AVAILABLE,28.229999542236328,2.229999542236328,1.0,8.747282419556882,36.86993650211036,4.8009537508508275,13.075876503635353,-0.2281579332459298,1.0,71.0,9.0,1.0,0.0
2015309N14067,MEGH,2015-11-05T21:00:00Z,13.7,62.9,VAL,0.0,AVAILABLE,28.599998474121094,2.5999984741210938,1.0,11.127530794949854,62.98737467034471,8.975449346031409,20.036690405269407,2.545941410438111,1.0,51.0,10.0,1.0,180.0
2015309N14067,MEGH,2015-11-06T00:00:00Z,13.6,62.5,VAL,0.0,AVAILABLE,28.26999855041504,2.269998550415039,1.0,16.228465295175614,46.941458795745234,5.606909727113621,18.34437779147377,7.481182875618732,1.0,47.0,9.0,1.0,0.0
2015309N14067,MEGH,2015-11-06T03:00:00Z,13.4,62.2,VAL,0.0,AVAILABLE,28.079999923706055,2.0799999237060547,1.0,16.228465295175614,46.941458795745234,5.606909727113621,18.34437779147377,5.10093450022576,1.0,47.0,9.0,1.0,180.0
2015309N14067,MEGH,2015-11-06T06:00:00Z,13.3,61.9,VAL,0.0,AVAILABLE,27.94999885559082,1.9499988555908203,1.0,19.73263980802197,71.02955910434213,2.9157726708578333,20.814574423304478,3.5041745128463546,1.0,42.0,7.0,1.0,0.0
2015309N14067,MEGH,2015-11-06T09:00:00Z,13.1,61.6,VAL,0.0,AVAILABLE,27.939998626708984,1.9399986267089844,1.0,19.73263980802197,71.02955910434213,2.9157726708578333,20.814574423304478,3.5041745128463546,1.0,42.0,7.0,1.0,180.0
2015309N14067,MEGH,2015-11-06T12:00:00Z,13.1,61.2,VAL,0.0,AVAILABLE,27.529998779296875,1.529998779296875,1.0,17.391692792466728,62.002851546608895,7.442679028733842,21.252013302253534,-2.3409470155552405,1.0,53.0,6.0,1.0,0.0
2015309N14067,MEGH,2015-11-06T15:00:00Z,12.9,60.9,VAL,0.0,AVAILABLE,27.81999969482422,1.8199996948242188,1.0,17.391692792466728,62.002851546608895,7.442679028733842,21.252013302253534,-2.3409470155552405,1.0,53.0,6.0,1.0,180.0
2015309N14067,MEGH,2015-11-06T18:00:00Z,12.9,60.7,VAL,0.0,AVAILABLE,28.079999923706055,2.0799999237060547,1.0,7.835887660333361,97.12501634890174,12.563027434248857,20.398346352753222,-9.555805132133367,1.0,37.0,6.0,1.0,0.0
2015309N14067,MEGH,2015-11-06T21:00:00Z,12.8,60.4,VAL,1.0,AVAILABLE,28.34000015258789,2.3400001525878906,1.0,7.835887660333361,97.12501634890174,12.563027434248857,20.398346352753222,-9.555805132133367,1.0,37.0,6.0,1.0,180.0
2015309N14067,MEGH,2015-11-07T00:00:00Z,12.8,60.1,VAL,1.0,AVAILABLE,28.309999465942383,2.309999465942383,1.0,12.672315690458719,94.39870535499551,7.716830641413257,19.424827726452197,4.836428030125358,1.0,49.0,8.0,1.0,0.0
2015309N14067,MEGH,2015-11-07T03:00:00Z,12.8,59.6,VAL,1.0,AVAILABLE,28.399999618530273,2.3999996185302734,1.0,12.672315690458719,94.39870535499551,7.716830641413257,19.424827726452197,4.836428030125358,1.0,49.0,8.0,1.0,180.0
2015309N14067,MEGH,2015-11-07T06:00:00Z,12.7,59.3,VAL,1.0,AVAILABLE,28.369998931884766,2.3699989318847656,1.0,3.907081436318132,95.7109393805435,11.819153785304218,15.312035758414034,-8.765234254140587,1.0,45.0,7.0,1.0,0.0
2015309N14067,MEGH,2015-11-07T09:00:00Z,12.7,58.8,VAL,1.0,AVAILABLE,28.279998779296875,2.279998779296875,1.0,3.907081436318132,95.7109393805435,11.819153785304218,15.312035758414034,-8.765234254140587,1.0,45.0,7.0,1.0,180.0
2015309N14067,MEGH,2015-11-07T12:00:00Z,12.8,58.4,VAL,1.0,AVAILABLE,27.279998779296875,1.279998779296875,1.0,8.749459381256552,91.27291350902595,7.62323800943307,16.17016140740033,4.84237794493842,1.0,49.0,8.0,1.0,0.0
2015309N14067,MEGH,2015-11-07T15:00:00Z,12.7,57.9,VAL,0.0,AVAILABLE,27.0,1.0,1.0,8.749459381256552,91.27291350902595,7.62323800943307,16.17016140740033,4.84237794493842,1.0,49.0,8.0,1.0,180.0
2015309N14067,MEGH,2015-11-07T18:00:00Z,12.8,57.3,VAL,0.0,AVAILABLE,26.94999885559082,0.9499988555908203,1.0,5.988182333854529,193.1342434056822,20.624017487376186,18.936271165875354,-2.7612770474020225,1.0,41.0,7.0,1.0,0.0
2015309N14067,MEGH,2015-11-07T21:00:00Z,12.7,56.7,VAL,0.0,AVAILABLE,27.209999084472656,1.2099990844726562,1.0,5.988182333854529,193.1342434056822,20.624017487376186,18.936271165875354,-2.7612770474020225,1.0,41.0,7.0,1.0,180.0
2015309N14067,MEGH,2015-11-08T00:00:00Z,12.7,56.1,VAL,0.0,AVAILABLE,27.579999923706055,1.5799999237060547,1.0,0.7008400650258472,33.69074005901689,21.608183563257338,21.97318846216921,-5.287342268828682,1.0,35.0,6.0,1.0,0.0
2015309N14067,MEGH,2015-11-08T03:00:00Z,12.7,55.5,VAL,0.0,AVAILABLE,27.979999542236328,1.9799995422363281,1.0,0.7008400650258472,33.69074005901689,21.608183563257338,21.97318846216921,-5.287342268828682,1.0,35.0,6.0,1.0,180.0
2015309N14067,MEGH,2015-11-08T06:00:00Z,12.7,54.9,VAL,0.0,AVAILABLE,28.06999969482422,2.0699996948242188,1.0,5.779482729485896,47.72646923129241,15.677792573991576,19.25977920691416,5.078642664460049,1.0,26.0,6.0,1.0,0.0
2015309N14067,MEGH,2015-11-08T09:00:00Z,12.7,54.2,VAL,0.0,AVAILABLE,28.029998779296875,2.029998779296875,1.0,5.779482729485896,47.72646923129241,15.677792573991576,19.25977920691416,5.078642664460049,1.0,26.0,6.0,1.0,180.0
2015309N14067,MEGH,2015-11-08T12:00:00Z,12.7,53.5,VAL,0.0,AVAILABLE,27.8799991607666,1.8799991607666016,1.0,3.304538428749707,118.07257768984721,15.376062064968826,18.28869137996087,-2.4749443007361895,1.0,31.0,7.0,1.0,0.0
2015309N14067,MEGH,2015-11-08T15:00:00Z,12.6,52.8,VAL,0.0,AVAILABLE,27.53999900817871,1.539999008178711,1.0,3.304538428749707,118.07257768984721,15.376062064968826,18.28869137996087,-2.4749443007361895,1.0,31.0,7.0,1.0,180.0
2015309N14067,MEGH,2015-11-08T18:00:00Z,12.5,52.3,VAL,0.0,AVAILABLE,27.649999618530273,1.6499996185302734,1.0,2.6439034502989545,126.02770418914326,17.120198879184247,18.97613950415576,-0.6606349784507524,1.0,27.0,8.0,1.0,0.0
2015309N14067,MEGH,2015-11-08T21:00:00Z,12.4,51.6,VAL,0.0,AVAILABLE,28.689998626708984,2.6899986267089844,1.0,2.6439034502989545,126.02770418914326,17.120198879184247,18.97613950415576,-0.6606349784507524,1.0,27.0,8.0,1.0,180.0
2015309N14067,MEGH,2015-11-09T00:00:00Z,12.3,50.9,VAL,0.0,AVAILABLE,27.799999237060547,1.7999992370605469,1.0,0.8693269493325011,333.43582307379575,16.55123944852458,16.135085952746024,-1.7745765009664534,1.0,29.0,13.0,1.0,0.0
2015309N14067,MEGH,2015-11-09T03:00:00Z,12.2,50.2,VAL,0.0,AVAILABLE,27.049999237060547,1.0499992370605469,1.0,0.8693269493325011,333.43582307379575,16.55123944852458,16.135085952746024,-1.7745765009664534,1.0,29.0,13.0,1.0,180.0
2015309N14067,MEGH,2015-11-09T06:00:00Z,12.3,49.6,VAL,0.0,AVAILABLE,27.549999237060547,1.5499992370605469,1.0,2.9157726708578338,306.8702473508181,16.109307302112427,13.350413605322663,2.0464457215253327,1.0,24.0,15.0,1.0,0.0
2015309N14067,MEGH,2015-11-09T09:00:00Z,12.3,48.9,VAL,0.0,AVAILABLE,28.51999855041504,2.519998550415039,1.0,2.9157726708578338,306.8702473508181,16.109307302112427,13.350413605322663,2.0464457215253327,1.0,24.0,15.0,1.0,180.0
2015309N14067,MEGH,2015-11-09T12:00:00Z,12.5,48.3,VAL,0.0,AVAILABLE,29.010000228881836,3.010000228881836,1.0,9.13815004982353,60.708641784956626,7.548518340591819,14.191402226799624,6.222377378965696,1.0,22.0,14.0,1.0,0.0
2015309N14067,MEGH,2015-11-09T15:00:00Z,12.5,48.0,VAL,0.0,AVAILABLE,29.06999969482422,3.0699996948242188,1.0,9.13815004982353,60.708641784956626,7.548518340591819,14.191402226799624,6.222377378965696,1.0,22.0,14.0,1.0,180.0
2015309N14067,MEGH,2015-11-09T18:00:00Z,12.6,47.6,VAL,,UNAVAILABLE_MISSING_FUTURE,29.6299991607666,3.6299991607666016,1.0,4.436913272476878,61.18907201317478,12.207594622958924,14.584014222607557,-4.701236777346652,1.0,20.0,12.0,1.0,0.0
2015309N14067,MEGH,2015-11-09T21:00:00Z,12.7,47.3,VAL,,UNAVAILABLE_MISSING_FUTURE,29.849998474121094,3.8499984741210938,1.0,4.436913272476878,61.18907201317478,12.207594622958924,14.584014222607557,-4.701236777346652,1.0,20.0,12.0,1.0,180.0
2015309N14067,MEGH,2015-11-10T00:00:00Z,12.9,47.0,VAL,,UNAVAILABLE_MISSING_FUTURE,28.25,2.25,1.0,7.979251959518078,357.20713160218446,11.311109805186144,4.280861310770391,3.5423386870412,1.0,31.0,10.0,1.0,0.0
2015309N14067,MEGH,2015-11-10T03:00:00Z,13.0,46.8,VAL,,UNAVAILABLE_MISSING_FUTURE,27.459999084472656,1.4599990844726562,1.0,7.979251959518078,357.20713160218446,11.311109805186144,4.280861310770391,3.5423386870412,1.0,31.0,10.0,1.0,180.0
2015309N14067,MEGH,2015-11-10T06:00:00Z,13.3,46.6,VAL,,UNAVAILABLE_MISSING_FUTURE,26.84000015258789,0.8400001525878906,1.0,4.007317938508234,337.16659267439553,8.80756003646316,4.8009537508508275,-3.9719340210098437,1.0,41.0,5.0,1.0,0.0
2015309N14067,MEGH,2015-11-10T09:00:00Z,13.5,46.6,VAL,,UNAVAILABLE_MISSING_FUTURE,,,0.0,4.007317938508234,337.16659267439553,8.80756003646316,4.8009537508508275,-3.9719340210098437,1.0,41.0,5.0,1.0,180.0
2015309N14067,MEGH,2015-11-10T12:00:00Z,13.7,46.6,VAL,,UNAVAILABLE_MISSING_FUTURE,,,0.0,15.45571935742997,263.500704887289,7.738863685352567,8.448456613129792,11.448401418921737,1.0,36.0,9.0,1.0,0.0
